Unnamed: 0,ID,IDstudy,plotID,country,region,climate,bedrock,soil_type,TYPE_CHANGE,CROP_current,CROP_type,current_land_use*,LUC_this_study,previous_land_use*,NUM_DEPTH,N_measured_current.1,temperature_Celsiul,precipitation_mm,Latitud,Longitud,years_since_luc,year_measure,soil_from_cm_current,soil_to_cm_current,depth_midpoint_current,bulk_density_Mg_m3_current,%clay_current,%silt_current,%sand_current,ph_current,SOC_Mg_ha_current,sd_SOC_Mgha_current,soil_from_cm_previous,soil_to_cm_previous,depth_midpoint_previous,Bulkdensity_previous,%clay_previous,%silt_previous,%sand_previous,ph_previous,SOC_Mg_ha_previous,SOC_change,SOC_percentage_change,csp_change,luc_rank
0,1,1,1,Brazil,SaoPaulo,Tropical,Sandstone,Ferralsols,LUC,Sugarcane,grass,bioenergy,YES,perennial_food,4,20,21.0,1500.0,-21.350000000000005,-47.066,3.0,2013.0,10.0,30.0,20.0,1.3966666666666667,15.5,2.733333333333333,81.8,,21.386666666666667,,10.0,30.0,20.0,1.4500000000000002,21.9,9.333333333333334,68.76666666666667,,29.44666666666667,8.060000000000002,-27.37151913063165,0.0,3.0
1,5,1,2,Brazil,SaoPaulo,Tropical,Sandstone,Luvisol,LUC,Sugarcane,grass,bioenergy,YES,perennial_food,4,20,21.0,1500.0,-21.350000000000005,-47.066,4.0,2013.0,10.0,30.0,20.0,1.28,41.8,10.533333333333331,47.66666666666666,,24.546666666666667,,10.0,30.0,20.0,1.2466666666666668,46.8,10.4,42.76666666666667,,32.830000000000005,8.283333333333339,-25.23098791755509,0.0,3.0
2,9,1,3,Brazil,SaoPaulo,Tropical,Granite,Ferralsols,LUC,Sugarcane,grass,bioenergy,YES,annual_crop,4,20,21.0,1500.0,-21.350000000000005,-47.066,7.0,2013.0,10.0,30.0,20.0,1.336666666666667,29.6,5.3,65.10000000000001,,30.906666666666663,,10.0,30.0,20.0,1.4166666666666667,30.366666666666664,8.0,62.56666666666666,,31.37,0.4633333333333347,-1.4769950058442292,1.0,4.0
3,13,1,4,Brazil,SaoPaulo,Tropical,Sandstone,Luvisol,LUC,Sugarcane,grass,bioenergy,YES,grassland,4,20,21.0,1500.0,-21.350000000000005,-47.066,8.0,2013.0,10.0,30.0,20.0,1.4,13.033333333333331,8.333333333333334,78.63333333333333,,19.96,,10.0,30.0,20.0,1.3966666666666667,11.5,6.866666666666667,81.63333333333333,,25.27,5.310000000000002,-21.01305896319748,-1.0,2.0
4,26,4,8,New_Zeland,Bay_of_Plenty,Temperate,Volcanic,Mollic_Andosol,LUC,Kiwi,woody,food,YES,grassland,11,3,14.5,138.0,-37.61599999999999,175.91599999999997,17.0,2011.0,3.345454545454545,4.163636363636363,3.7545454545454544,1.0909090909090908,,,,6.0,90.8818181818182,,3.345454545454545,4.163636363636363,3.7545454545454544,1.2036363636363636,,,,5.72,90.87272727272726,-0.0090909090909292,0.0100040016006624,-1.0,2.0
5,61,6,15,Germany,Ihinger_Hof,Temperate,,Haplic_Luvisol,LUC,Miscanthus,grass,bioenergy,YES,annual_crop,5,3,9.1,714.0,48.75,8.92,11.0,2013.0,10.0,20.0,15.0,1.43,22.8,74.8,2.4,7.38,14.166666666666666,0.4333333333333333,10.0,20.0,15.0,1.55,22.8,74.8,2.4,7.38,13.366666666666667,-0.7999999999999989,5.985037406483782,1.0,4.0
6,62,6,16,Germany,Ihinger_Hof,Temperate,,Haplic_Luvisol,LUC,Switchgrass,grass,bioenergy,YES,annual_crop,5,3,9.1,714.0,48.75,8.92,11.0,2013.0,10.0,20.0,15.0,1.3866666666666667,22.8,74.8,2.4,7.38,14.133333333333333,0.5,10.0,20.0,15.0,1.55,22.8,74.8,2.4,7.38,13.366666666666667,-0.7666666666666657,5.735660847880292,1.0,4.0
7,63,6,17,Germany,Ihinger_Hof,Temperate,,Haplic_Luvisol,LUC,Willow,woody,SRC,YES,annual_crop,5,3,9.1,714.0,48.75,8.92,11.0,2013.0,10.0,20.0,15.0,1.356666666666667,22.8,74.8,2.4,7.38,15.133333333333333,0.5,10.0,20.0,15.0,1.55,22.8,74.8,2.4,7.38,13.366666666666667,-1.7666666666666655,13.21695760598503,2.0,5.0
8,76,6,18,Germany,Ihinger_Hof,Temperate,,Haplic_Luvisol,LUC,Miscanthus,grass,bioenergy,YES,annual_crop,5,3,9.1,714.0,48.75,8.92,11.0,2013.0,10.0,20.0,15.0,1.43,22.8,74.8,2.4,7.38,16.166666666666668,0.5,10.0,20.0,15.0,1.55,22.8,74.8,2.4,7.38,14.1,-2.066666666666668,14.657210401891264,1.0,4.0
9,77,6,19,Germany,Ihinger_Hof,Temperate,,Haplic_Luvisol,LUC,Switchgrass,grass,bioenergy,YES,annual_crop,5,3,9.1,714.0,48.75,8.92,11.0,2013.0,10.0,20.0,15.0,1.3866666666666667,22.8,74.8,2.4,7.38,14.3,0.5,10.0,20.0,15.0,1.55,22.8,74.8,2.4,7.38,14.1,-0.1999999999999993,1.4184397163120517,1.0,4.0
10,78,6,20,Germany,Ihinger_Hof,Temperate,,Haplic_Luvisol,LUC,Willow,woody,SRC,YES,annual_crop,5,3,9.1,714.0,48.75,8.92,11.0,2013.0,10.0,20.0,15.0,1.356666666666667,22.8,74.8,2.4,7.38,16.033333333333335,0.5,10.0,20.0,15.0,1.55,22.8,74.8,2.4,7.38,14.1,-1.9333333333333356,13.711583924349895,2.0,5.0
11,91,6,21,Germany,Ihinger_Hof,Temperate,,Haplic_Luvisol,LUC,Miscanthus,grass,bioenergy,YES,annual_crop,5,3,9.1,714.0,48.75,8.92,11.0,2013.0,10.0,20.0,15.0,1.43,22.8,74.8,2.4,7.38,15.9,0.5,10.0,20.0,15.0,1.55,22.8,74.8,2.4,7.38,14.933333333333332,-0.9666666666666686,6.473214285714299,1.0,4.0
12,92,6,22,Germany,Ihinger_Hof,Temperate,,Haplic_Luvisol,LUC,Switchgrass,grass,bioenergy,YES,annual_crop,5,3,9.1,714.0,48.75,8.92,11.0,2013.0,10.0,20.0,15.0,1.3866666666666667,22.8,74.8,2.4,7.38,15.4,0.5,10.0,20.0,15.0,1.55,22.8,74.8,2.4,7.38,14.933333333333332,-0.4666666666666685,3.1250000000000133,1.0,4.0
13,93,6,23,Germany,Ihinger_Hof,Temperate,,Haplic_Luvisol,LUC,Willow,woody,SRC,YES,annual_crop,5,3,9.1,714.0,48.75,8.92,11.0,2013.0,10.0,20.0,15.0,1.356666666666667,22.8,74.8,2.4,7.38,15.766666666666667,0.5,10.0,20.0,15.0,1.55,22.8,74.8,2.4,7.38,14.933333333333332,-0.8333333333333357,5.580357142857159,2.0,5.0
14,106,7,24,Cameroon,Zoatoupsie,Tropical,,,LUC,Cocoa,woody,food,YES,secondary_forest,6,9,24.0,1633.0,3.85,11.449999999999998,35.0,2011.0,13.333333333333334,20.0,16.666666666666668,,,,,,11.5,,13.333333333333334,20.0,16.666666666666668,,,,,,38.56666666666667,27.06666666666667,-70.18150388936905,-2.0,1.0
24,170,10,34,Sri_Lanka,Jaffna,Tropical,,,LUC,Banana,palm,food,YES,annual_crop,1,18,28.0,1000.0,7.8731,80.77,15.0,2003.0,0.0,30.0,15.0,1.71,,,,8.21,8.11,,0.0,30.0,15.0,1.82,,,,,6.64,-1.4699999999999998,22.13855421686747,1.0,4.0
25,171,10,35,Sri_Lanka,Jaffna,Tropical,,,LUC,Banana,palm,food,YES,secondary_forest,1,18,28.0,1000.0,7.8731,80.77,15.0,2003.0,0.0,30.0,15.0,1.71,,,,8.21,8.11,,0.0,30.0,15.0,1.73,,,,,19.74,11.63,-58.91590678824722,-2.0,1.0
26,172,11,36,India,Madurai,Tropical,,,LUC,Jatropha,woody,bioenergy,YES,secondary_forest,2,5,29.0,812.0,9.9252,78.119,4.0,2009.0,7.5,22.5,15.0,,,,,,12.2,1.85,7.5,22.5,15.0,,,,,,12.5,0.3000000000000007,-2.4000000000000057,-2.0,1.0
27,174,11,37,Brazil,Belo_Horizonte,Tropical,,,LUC,Jatropha,woody,bioenergy,YES,secondary_forest,2,5,24.0,842.0,-15.1716,-43.8718,2.0,2009.0,7.5,22.5,15.0,,,,,,16.6,2.705,7.5,22.5,15.0,,,,,,33.9,17.299999999999997,-51.03244837758112,-2.0,1.0
29,228,16,50,Venezuela,Orinoco,Tropical,Sediments_Pleistocene,,LUC,Brachiaria,grass,livestockfood,YES,natural_forest,1,50,26.2,1050.0,9.766,-63.466,17.5,2000.0,0.0,20.0,10.0,,72.0,12.0,16.0,,229.2,31.1,0.0,20.0,10.0,,85.0,11.0,4.0,,228.85,-0.3500000000000227,0.1529386060738574,-3.0,1.0
30,282,20,64,Ireland,Wexford,Temperate,,,LUC,Miscanthus,grass,bioenergy,YES,annual_crop,1,21,10.0,953.0,52.3369,-6.4633,2.0,2008.0,0.0,30.0,15.0,0.99,3.6,20.7,75.7,6.16,75.12,,0.0,30.0,15.0,,,,,,95.66,20.539999999999992,-21.47187957348943,1.0,4.0
31,283,20,65,Ireland,Wexford,Temperate,,,LUC,Miscanthus,grass,bioenergy,YES,annual_crop,1,21,10.0,953.0,52.3369,-6.4633,2.0,2008.0,0.0,30.0,15.0,1.03,4.6,21.9,73.5,5.98,74.54,,0.0,30.0,15.0,,,,,,81.94,7.399999999999991,-9.030998291432743,1.0,4.0
32,284,20,66,Ireland,Wexford,Temperate,,,LUC,Miscanthus,grass,bioenergy,YES,annual_crop,1,21,10.0,953.0,52.3369,-6.4633,2.0,2008.0,0.0,30.0,15.0,0.98,4.7,24.7,70.6,6.89,78.93,,0.0,30.0,15.0,,,,,,69.27,-9.66000000000001,13.94543092247728,1.0,4.0
33,285,20,67,Ireland,Wexford,Temperate,,,LUC,Miscanthus,grass,bioenergy,YES,annual_crop,1,21,10.0,953.0,52.3369,-6.4633,2.0,2008.0,0.0,30.0,15.0,1.04,12.2,34.8,53.0,6.39,74.73,,0.0,30.0,15.0,,,,,,69.06,-5.670000000000002,8.210251954821896,1.0,4.0
34,286,20,68,Ireland,Wexford,Temperate,,,LUC,Miscanthus,grass,bioenergy,YES,annual_crop,1,21,10.0,953.0,52.3369,-6.4633,2.0,2008.0,0.0,30.0,15.0,0.91,11.6,29.9,58.6,6.44,58.9,,0.0,30.0,15.0,,,,,,45.37,-13.53,29.82146793035045,1.0,4.0
35,287,20,69,Ireland,Wexford,Temperate,,,LUC,Miscanthus,grass,bioenergy,YES,annual_crop,1,21,10.0,953.0,52.3369,-6.4633,2.0,2008.0,0.0,30.0,15.0,1.17,11.5,31.0,57.5,6.29,51.26,,0.0,30.0,15.0,,,,,,41.7,-9.559999999999995,22.92565947242205,1.0,4.0
36,288,20,70,Ireland,Wexford,Temperate,,,LUC,Miscanthus,grass,bioenergy,YES,annual_crop,1,21,10.0,953.0,52.3369,-6.4633,2.0,2008.0,0.0,30.0,15.0,1.11,6.7,26.2,67.2,6.62,59.76,,0.0,30.0,15.0,,,,,,44.36,-15.4,34.715960324616766,1.0,4.0
37,289,20,71,Ireland,Wexford,Temperate,,,LUC,Miscanthus,grass,bioenergy,YES,annual_crop,1,21,10.0,953.0,52.3369,-6.4633,2.0,2008.0,0.0,30.0,15.0,1.12,4.0,18.2,77.8,5.95,42.91,,0.0,30.0,15.0,,,,,,36.68,-6.229999999999997,16.984732824427475,1.0,4.0
38,290,20,72,Ireland,Wexford,Temperate,,,LUC,Miscanthus,grass,bioenergy,YES,grassland,1,21,10.0,953.0,52.3369,-6.4633,2.0,2008.0,0.0,30.0,15.0,1.01,7.1,29.7,63.2,6.37,83.1,,0.0,30.0,15.0,,,,,,81.79,-1.309999999999988,1.6016627949626945,-1.0,2.0
39,291,20,73,Ireland,Wexford,Temperate,,,LUC,Miscanthus,grass,bioenergy,YES,grassland,1,21,10.0,953.0,52.3369,-6.4633,2.0,2008.0,0.0,30.0,15.0,1.24,6.8,25.8,67.3,6.02,67.9,,0.0,30.0,15.0,,,,,,72.12,4.219999999999999,-5.851358846367164,-1.0,2.0
40,292,20,74,Ireland,Wexford,Temperate,,,LUC,Miscanthus,grass,bioenergy,YES,grassland,1,21,10.0,953.0,52.3369,-6.4633,2.0,2008.0,0.0,30.0,15.0,0.96,4.1,18.5,77.4,5.32,74.07,,0.0,30.0,15.0,,,,,,73.87,-0.1999999999999886,0.2707459049681719,-1.0,2.0
41,293,20,75,Ireland,Wexford,Temperate,,,LUC,Miscanthus,grass,bioenergy,YES,grassland,1,21,10.0,953.0,52.3369,-6.4633,2.0,2008.0,0.0,30.0,15.0,1.1,3.6,14.9,81.5,5.6,84.92,,0.0,30.0,15.0,,,,,,81.5,-3.4200000000000017,4.19631901840491,-1.0,2.0
42,294,20,76,Ireland,Wexford,Temperate,,,LUC,Miscanthus,grass,bioenergy,YES,grassland,1,21,10.0,953.0,52.3369,-6.4633,2.0,2008.0,0.0,30.0,15.0,1.09,4.7,17.0,78.3,6.17,61.4,,0.0,30.0,15.0,,,,,,58.94,-2.460000000000001,4.173736002714627,-1.0,2.0
43,295,20,77,Ireland,Wexford,Temperate,,,LUC,Miscanthus,grass,bioenergy,YES,grassland,1,21,10.0,953.0,52.3369,-6.4633,2.0,2008.0,0.0,30.0,15.0,1.08,8.1,27.3,64.7,5.62,107.77,,0.0,30.0,15.0,,,,,,116.16,8.39,-7.22279614325069,-1.0,2.0
44,296,20,78,Ireland,Wexford,Temperate,,,LUC,Miscanthus,grass,bioenergy,YES,grassland,1,21,10.0,953.0,52.3369,-6.4633,2.0,2008.0,0.0,30.0,15.0,1.02,4.8,19.8,75.5,5.68,67.39,,0.0,30.0,15.0,,,,,,77.51,10.120000000000005,-13.05637982195846,-1.0,2.0
45,297,20,79,Ireland,Wexford,Temperate,,,LUC,Miscanthus,grass,bioenergy,YES,grassland,1,21,10.0,953.0,52.3369,-6.4633,2.0,2008.0,0.0,30.0,15.0,0.83,9.9,27.1,63.1,6.78,90.25,,0.0,30.0,15.0,,,,,,83.11,-7.140000000000001,8.591023944170377,-1.0,2.0
46,312,23,84,France,Grignon,Temperate,,Luvisol,LUC,Miscanthus,grass,bioenergy,YES,annual_crop,3,4,11.5,557.0,48.85,1.966,20.0,2011.0,15.0,30.0,22.5,1.336666666666667,,,,8.266666666666666,40.833333333333336,4.966666666666667,15.0,30.0,22.5,1.37,,,,8.066666666666666,35.43333333333333,-5.400000000000006,15.239887111947336,1.0,4.0
48,327,25,89,USA,Texas,Arid,,,LUC,Cotton,woody,bioproduct,YES,grassland,2,15,15.0,466.0,33.73404,-101.7387,5.0,2010.0,2.5,12.5,7.5,1.23,28.5,29.5,42.0,8.15,10.05,0.96,2.5,12.5,7.5,1.265,28.5,29.5,42.0,7.8,10.6,0.5500000000000007,-5.188679245283025,-1.0,2.0
49,329,25,90,USA,Texas,Arid,,,LUC,Cotton,woody,bioproduct,YES,annual_crop,2,15,15.0,466.0,33.73404,-101.7387,5.0,2010.0,2.5,12.5,7.5,1.23,28.5,29.5,42.0,8.15,10.05,0.96,2.5,12.5,7.5,0.99,28.5,29.5,42.0,7.75,9.45,-0.6000000000000014,6.349206349206364,1.0,4.0
50,331,25,91,USA,Texas,Arid,,,LUC,Cotton,woody,bioproduct,YES,grassland,2,15,15.0,466.0,33.73404,-101.7387,5.0,2010.0,2.5,12.5,7.5,1.035,28.5,29.5,42.0,7.7,6.7,0.17,2.5,12.5,7.5,1.265,28.5,29.5,42.0,7.8,10.6,3.900000000000001,-36.79245283018869,-1.0,2.0
51,333,25,92,USA,Texas,Arid,,,LUC,Cotton,woody,bioproduct,YES,annual_crop,2,15,15.0,466.0,33.73404,-101.7387,5.0,2010.0,2.5,12.5,7.5,1.035,28.5,29.5,42.0,7.7,6.7,0.17,2.5,12.5,7.5,0.99,28.5,29.5,42.0,7.75,9.45,2.749999999999999,-29.10052910052909,1.0,4.0
55,350,27,96,Canada,Boisbriand,Boreal,,Melanic_Brunisol,LUC,Willow,woody,SRC,YES,annual_crop,2,54,6.8,999.6,45.616,-73.833,1.0,2007.0,10.0,30.0,20.0,1.45,,,,,63.5,17.5,10.0,30.0,20.0,1.59,,,,,56.0,-7.5,13.392857142857142,2.0,5.0
56,352,27,97,Canada,Boisbriand,Boreal,,Melanic_Brunisol,LUC,Willow,woody,SRC,YES,annual_crop,2,54,6.8,999.6,45.616,-73.833,1.0,2007.0,10.0,30.0,20.0,1.45,,,,,63.5,17.5,10.0,30.0,20.0,1.7000000000000002,,,,,58.5,-5.0,8.547008547008547,2.0,5.0
57,354,27,98,Canada,Boisbriand,Boreal,,Melanic_Brunisol,LUC,Willow,woody,SRC,YES,annual_crop,2,54,6.8,999.6,45.616,-73.833,2.0,2007.0,10.0,30.0,20.0,1.37,,,,,55.0,12.5,10.0,30.0,20.0,1.59,,,,,56.0,1.0,-1.7857142857142856,2.0,5.0
58,356,27,99,Canada,Boisbriand,Boreal,,Melanic_Brunisol,LUC,Willow,woody,SRC,YES,annual_crop,2,54,6.8,999.6,45.616,-73.833,2.0,2007.0,10.0,30.0,20.0,1.37,,,,,55.0,12.5,10.0,30.0,20.0,1.7000000000000002,,,,,58.5,3.5,-5.982905982905983,2.0,5.0
60,360,27,101,Canada,Huntingdon,Boreal,,Melanic_Brunisol,LUC,Willow,woody,SRC,YES,annual_crop,2,30,6.8,999.6,45.1333,-74.133,9.0,2007.0,10.0,30.0,20.0,1.56,,,,,84.0,8.5,10.0,30.0,20.0,1.5550000000000002,,,,,60.0,-24.0,40.0,2.0,5.0
61,362,27,102,Canada,Huntingdon,Boreal,,Melanic_Brunisol,LUC,Willow,woody,SRC,YES,grassland,2,30,6.8,999.6,45.1333,-74.133,9.0,2007.0,10.0,30.0,20.0,1.56,,,,,84.0,8.5,10.0,30.0,20.0,1.5,,,,,78.5,-5.5,7.006369426751593,0.0,3.0
62,364,28,103,Germany,Allendorf,Boreal,,Cambisol,LUC,Poplar,woody,SRC,YES,annual_crop,4,4,9.0,630.0,51.066,8.73,4.0,2011.0,4.333333333333333,14.333333333333334,9.333333333333334,1.4333333333333331,18.2,34.4,47.4,,1.4233333333333331,0.2733333333333334,4.333333333333333,14.333333333333334,9.333333333333334,1.5333333333333332,18.2,34.4,47.4,,1.1366666666666667,-0.2866666666666664,25.219941348973585,2.0,5.0
63,368,28,104,Germany,Allendorf,Boreal,,Cambisol,LUC,Poplar,woody,SRC,YES,annual_crop,4,4,9.0,630.0,51.066,8.73,8.0,2011.0,4.333333333333333,14.333333333333334,9.333333333333334,1.4333333333333331,18.2,34.4,47.4,,1.6333333333333335,0.3666666666666667,4.333333333333333,14.333333333333334,9.333333333333334,1.5333333333333332,18.2,34.4,47.4,,1.4833333333333332,-0.1500000000000003,10.112359550561823,2.0,5.0
64,372,28,105,Germany,Dornburg,Boreal,,Luvisol,LUC,Poplar,woody,SRC,YES,annual_crop,4,4,8.8,585.0,51.0,11.65,12.0,2011.0,4.333333333333333,14.333333333333334,9.333333333333334,1.3999999999999997,28.0,67.5,4.5,,2.2500000000000004,0.2333333333333333,4.333333333333333,14.333333333333334,9.333333333333334,1.1666666666666667,28.0,67.5,4.5,,1.8666666666666665,-0.3833333333333339,20.53571428571432,2.0,5.0
65,376,28,106,Germany,Dornburg,Boreal,,Luvisol,LUC,Poplar,woody,SRC,YES,annual_crop,4,4,8.8,585.0,51.0,11.65,16.0,2011.0,4.333333333333333,14.333333333333334,9.333333333333334,1.3999999999999997,28.0,67.5,4.5,,2.2333333333333334,0.15,4.333333333333333,14.333333333333334,9.333333333333334,1.1666666666666667,28.0,67.5,4.5,,1.85,-0.3833333333333335,20.72072072072073,2.0,5.0
66,380,28,107,Germany,Forst,Boreal,,Greysol,LUC,Black_locust,woody,SRC,YES,annual_crop,4,4,8.3,590.0,51.7833,14.616,20.0,2011.0,4.333333333333333,14.333333333333334,9.333333333333334,1.3999999999999997,10.6,32.7,51.79999999999999,,1.7,0.1833333333333333,4.333333333333333,14.333333333333334,9.333333333333334,1.2333333333333334,10.6,32.7,51.79999999999999,,1.55,-0.1499999999999999,9.677419354838705,2.0,5.0
67,384,28,108,Germany,Forst,Boreal,,Greysol,LUC,Poplar,woody,SRC,YES,annual_crop,4,4,8.3,590.0,51.7833,14.616,24.0,2011.0,4.333333333333333,14.333333333333334,9.333333333333334,1.3999999999999997,10.6,32.7,51.79999999999999,,1.2333333333333334,0.2833333333333332,4.333333333333333,14.333333333333334,9.333333333333334,1.2333333333333334,10.6,32.7,51.79999999999999,,1.29,0.0566666666666666,-4.392764857881136,2.0,5.0
68,410,32,121,UK,south_of_England,Temperate,,Silt_loam,LUC,Willow,woody,SRC,YES,grassland,2,15,10.0,770.0,50.966,-0.45,3.0,2012.0,0.0,30.0,15.0,,7.38,59.44,33.19,,42.6,1.8,0.0,30.0,15.0,,6.43,69.62,23.94,,61.2,18.6,-30.3921568627451,0.0,3.0
69,441,36,133,Spain,Murcia_los_Alguaciles,Arid,,Calcisol,LUC,Almond,woody,food,YES,annual_crop,2,3,16.6,330.0,37.866,-1.716,4.0,,0.0,15.0,7.5,1.08,,,,,43.09,,0.0,15.0,7.5,1.07,,,,,28.73,-14.360000000000005,49.98259658893144,1.0,4.0
70,442,37,134,Spain,Murcia_Cehegin,Arid,,Calcic_Haploxerept,LUC,Almond,woody,food,YES,annual_crop,1,3,16.6,330.0,38.05,-1.716,4.0,,0.0,15.0,7.5,1.09,,,,,42.84,,0.0,15.0,7.5,1.07,,,,,28.73,-14.110000000000005,49.11242603550297,1.0,4.0
71,446,39,138,Costa_rica,Sarapiqui,Tropical,Volcanic,,LUC,Banana,palm,food,YES,natural_forest,3,10,23.0,4065.0,10.0,-84.0,30.0,,10.0,20.0,15.0,0.7633333333333333,,,,,26.866666666666664,1.5666666666666669,10.0,20.0,15.0,0.7066666666666667,,,,,27.3,0.4333333333333371,-1.5873015873016012,-3.0,1.0
72,449,39,139,Costa_rica,Sarapiqui,Tropical,Volcanic,,LUC,"Palm,Banana,others",palm,food,YES,grassland,3,10,23.0,4065.0,10.0,-84.0,10.0,,10.0,20.0,15.0,0.8266666666666667,,,,,24.6,1.1333333333333335,10.0,20.0,15.0,0.7966666666666667,,,,,29.96666666666667,5.366666666666671,-17.908787541713025,-1.0,2.0
73,470,41,149,Ghana,Sefwi_Wiawso,Tropical,,orchosol-oxysol,LUC,Cocoa,woody,food,YES,natural_forest,1,5,26.0,1054.5,6.2,-2.483,2.0,,0.0,15.0,7.5,1.0,5.9,12.0,64.5,5.9,22.6,1.13,0.0,15.0,7.5,,,,,,27.0,4.399999999999999,-16.29629629629629,-3.0,1.0
74,471,41,150,Ghana,Sefwi_Wiawso,Tropical,,orchosol-oxysol,LUC,Cocoa,woody,food,YES,natural_forest,1,5,26.0,1054.5,6.2,-2.483,15.0,,0.0,15.0,7.5,1.0,5.4,12.0,44.5,5.4,17.6,1.4,0.0,15.0,7.5,,,,,,27.0,9.4,-34.81481481481481,-3.0,1.0
75,472,41,151,Ghana,Sefwi_Wiawso,Tropical,,orchosol-oxysol,LUC,Cocoa,woody,food,YES,natural_forest,1,5,26.0,1054.5,6.2,-2.483,,,0.0,15.0,7.5,0.9,5.3,11.5,64.5,5.3,18.2,1.08,0.0,15.0,7.5,,,,,,22.4,4.200000000000003,-18.75000000000001,-3.0,1.0
76,477,43,154,Indonesia,Central_Sulawesi,Tropical,,Cambisol,LUC,Cocoa,woody,food,YES,natural_forest,1,4,23.0,2200.0,-1.3,120.0,10.0,,0.0,20.0,10.0,1.4,,,,4.1,3.37,,0.0,20.0,10.0,1.1,,,,3.8,5.1,1.7299999999999995,-33.921568627450974,-3.0,1.0
77,478,43,155,Indonesia,Central_Sulawesi,Tropical,,Cambisol,LUC,Cocoa,woody,food,YES,natural_forest,1,4,23.0,2200.0,-1.3,120.0,10.0,,0.0,20.0,10.0,1.2,,,,3.8,4.39,,0.0,20.0,10.0,1.1,,,,3.8,5.1,0.71,-13.92156862745098,-3.0,1.0
78,528,48,171,Brazil,Bahia,Tropical,,Oxisol,LUC,Cocoa,woody,food,YES,natural_forest,4,6,26.0,1500.0,-14.0,-39.2,30.0,,5.0,20.0,12.5,0.75,,,,,39.0,5.0,5.0,20.0,12.5,0.68,,,,,30.5,-8.5,27.86885245901639,-3.0,1.0
79,532,48,172,Brazil,Bahia,Tropical,,Oxisol,LUC,Cocoa,woody,food,YES,natural_forest,4,6,26.0,1500.0,-14.0,-39.2,30.0,,5.0,20.0,12.5,1.2,,,,,54.0,10.0,5.0,20.0,12.5,0.68,,,,,30.5,-23.5,77.04918032786885,-3.0,1.0
80,542,49,175,Spain,Jaen_Barranco_del_atanor,Mediterranean,,Haplic_Regosol,LUC,Olive,woody,food,YES,natural_forest,1,1,17.3,470.0,37.77956,-3.3415,16.0,,0.0,24.0,12.0,1.36,40.0,45.0,15.0,8.2,39.7,,0.0,24.0,12.0,,,,,,20.89,-18.81,90.0430828147439,-3.0,1.0
81,543,49,176,Spain,Jaen_Barranco_del_atanor,Mediterranean,,Cutanic_Luvisols,LUC,Olive,woody,food,YES,natural_forest,1,1,17.3,470.0,37.77956,-3.3415,16.0,,0.0,24.0,12.0,1.35,55.0,30.0,15.0,8.0,79.21,,0.0,24.0,12.0,,,,,,51.5,-27.709999999999997,53.80582524271843,-3.0,1.0
82,550,52,183,Italy,Matera_Metapontino,Mediterranean,,Sandy_clay_loam,LUC,Almond,woody,food,YES,fallow,1,1,16.6,462.0,40.3833,16.766,0.6,,0.0,15.0,7.5,1.12,,,,8.4,12.28,,0.0,15.0,7.5,1.3,,,,,14.31,2.030000000000001,-14.18588399720476,1.0,4.0
83,551,52,184,Italy,Matera_Metapontino,Mediterranean,,Sandy_clay_loam,LUC,Almond,woody,food,YES,fallow,1,1,16.6,462.0,40.3833,16.766,0.6,,0.0,15.0,7.5,1.14,,,,8.4,13.73,,0.0,15.0,7.5,1.22,,,,,15.12,1.3899999999999988,-9.193121693121684,1.0,4.0
84,552,52,185,Italy,Matera_Metapontino,Mediterranean,,Sandy_clay_loam,LUC,Almond,woody,food,YES,fallow,1,1,16.6,462.0,40.3833,16.766,0.6,,0.0,15.0,7.5,1.17,,,,8.4,13.73,,0.0,15.0,7.5,1.29,,,,,15.2,1.4699999999999989,-9.67105263157894,1.0,4.0
85,553,52,186,Italy,Matera_Metapontino,Mediterranean,,Sandy_clay_loam,LUC,Almond,woody,food,YES,fallow,1,1,16.6,462.0,40.3833,16.766,0.6,,0.0,15.0,7.5,1.12,,,,8.4,12.68,,0.0,15.0,7.5,1.3,,,,,14.31,1.6300000000000008,-11.39063591893781,1.0,4.0
86,554,52,187,Italy,Matera_Metapontino,Mediterranean,,Sandy_clay_loam,LUC,Almond,woody,food,YES,fallow,1,1,16.6,462.0,40.3833,16.766,0.6,,0.0,15.0,7.5,1.16,,,,8.4,16.39,,0.0,15.0,7.5,1.22,,,,,15.12,-1.2700000000000014,8.39947089947091,1.0,4.0
87,555,52,188,Italy,Matera_Metapontino,Mediterranean,,Sandy_clay_loam,LUC,Almond,woody,food,YES,fallow,1,1,16.6,462.0,40.3833,16.766,0.6,,0.0,15.0,7.5,1.1,,,,8.4,13.12,,0.0,15.0,7.5,1.29,,,,,15.2,2.08,-13.684210526315791,1.0,4.0
88,653,63,229,Spain,Campo_Real,Mediterranean,,Calcic_Haploxeralf,LUC,Vineyard,woody,food,YES,fallow,1,1,14.0,400.0,40.35,-3.366,1.6,,0.0,10.0,5.0,1.2,24.0,41.0,58.0,,12.6,,0.0,10.0,5.0,1.2,24.0,18.0,58.0,,11.76,-0.8399999999999999,7.142857142857142,1.0,4.0
89,654,63,230,Spain,Campo_Real,Mediterranean,,Calcic_Haploxeralf,LUC,Vineyard,woody,food,YES,fallow,1,1,14.0,400.0,40.35,-3.366,1.6,,0.0,10.0,5.0,1.2,24.0,41.0,58.0,,12.48,,0.0,10.0,5.0,1.2,24.0,18.0,58.0,,11.76,-0.7200000000000006,6.122448979591842,1.0,4.0
90,678,75,252,Brazil,Ipaussu,Tropical,,Clayey,LUC,Sugarcane,grass,bioenergy,YES,grassland,3,1,20.0,1351.0,-23.0553,-49.6237,15.5,,0.0,40.0,20.0,,,,,,70.85,,0.0,40.0,20.0,,,,,,89.4,18.55000000000001,-20.74944071588368,-1.0,2.0
91,681,75,253,Brazil,Ipaussu,Tropical,,Clayey,LUC,Sugarcane,grass,bioenergy,YES,grassland,3,1,20.0,1351.0,-23.0553,-49.6237,9.0,,0.0,40.0,20.0,,,,,,77.9,,0.0,40.0,20.0,,,,,,75.65,-2.25,2.974223397224058,-1.0,2.0
92,684,75,254,Brazil,Ipaussu,Tropical,,Clayey,LUC,Sugarcane,grass,bioenergy,YES,grassland,3,1,20.0,1351.0,-23.0553,-49.6237,7.0,,0.0,40.0,20.0,,,,,,75.25,,0.0,40.0,20.0,,,,,,75.65,0.4000000000000057,-0.5287508261731734,-1.0,2.0
93,687,75,255,Brazil,Anhembi,Tropical,,Sandy,LUC,Sugarcane,grass,bioenergy,YES,grassland,3,1,21.0,1232.0,-22.7883,-48.1312,6.0,,0.0,40.0,20.0,,,,,,46.0,,0.0,40.0,20.0,,,,,,55.45,9.449999999999996,-17.042380522993682,-1.0,2.0
94,690,75,256,Brazil,Anhembi,Tropical,,Sandy,LUC,Sugarcane,grass,bioenergy,YES,grassland,3,1,21.0,1232.0,-22.7883,-48.1312,11.0,,0.0,40.0,20.0,,,,,,30.05,,0.0,40.0,20.0,,,,,,55.45,25.399999999999995,-45.80703336339044,-1.0,2.0
95,693,75,257,Brazil,Anhembi,Tropical,,Sandy,LUC,Sugarcane,grass,bioenergy,YES,grassland,3,1,21.0,1232.0,-22.7883,-48.1312,14.0,,0.0,40.0,20.0,,,,,,34.15,,0.0,40.0,20.0,,,,,,29.8,-4.349999999999998,14.597315436241605,-1.0,2.0
96,696,75,258,Brazil,Anhembi,Tropical,,Sandy,LUC,Sugarcane,grass,bioenergy,YES,grassland,3,1,21.0,1232.0,-22.7883,-48.1312,14.0,,0.0,40.0,20.0,,,,,,45.6,,0.0,40.0,20.0,,,,,,40.25,-5.349999999999994,13.291925465838494,-1.0,2.0
97,699,75,259,Brazil,Anhembi,Tropical,,Sandy,LUC,Sugarcane,grass,bioenergy,YES,grassland,3,1,21.0,1232.0,-22.7883,-48.1312,15.0,,0.0,40.0,20.0,,,,,,64.85,,0.0,40.0,20.0,,,,,,62.95,-1.8999999999999917,3.0182684670373177,-1.0,2.0
98,702,75,260,Brazil,Anhembi,Tropical,,Sandy,LUC,Sugarcane,grass,bioenergy,YES,grassland,3,1,21.0,1232.0,-22.7883,-48.1312,20.0,,0.0,40.0,20.0,,,,,,46.45,,0.0,40.0,20.0,,,,,,94.4,47.95,-50.79449152542372,-1.0,2.0
99,705,75,261,Brazil,Itirapina,Tropical,,Sandy,LUC,Sugarcane,grass,bioenergy,YES,grassland,3,1,20.0,1353.0,-22.2567,-47.817,6.0,,0.0,40.0,20.0,,,,,,94.55,,0.0,40.0,20.0,,,,,,69.95,-24.60000000000001,35.16797712651895,-1.0,2.0
100,708,75,262,Brazil,Itirapina,Tropical,,Sandy,LUC,Sugarcane,grass,bioenergy,YES,grassland,3,1,20.0,1353.0,-22.2567,-47.817,21.0,,0.0,40.0,20.0,,,,,,54.1,,0.0,40.0,20.0,,,,,,69.95,15.850000000000009,-22.659042172980712,-1.0,2.0
101,711,75,263,Brazil,Itirapina,Tropical,,Sandy,LUC,Sugarcane,grass,bioenergy,YES,grassland,3,1,20.0,1353.0,-22.2567,-47.817,31.0,,0.0,40.0,20.0,,,,,,66.9,,0.0,40.0,20.0,,,,,,69.95,3.049999999999997,-4.3602573266618965,-1.0,2.0
102,714,75,264,Brazil,Iacanga,Tropical,,Sandy,LUC,Sugarcane,grass,bioenergy,YES,grassland,3,1,22.0,1153.0,-21.9198,-49.0009,18.0,,0.0,40.0,20.0,,,,,,27.9,,0.0,40.0,20.0,,,,,,40.6,12.7,-31.280788177339897,-1.0,2.0
103,717,75,265,Brazil,Iacanga,Tropical,,Sandy,LUC,Sugarcane,grass,bioenergy,YES,grassland,3,1,22.0,1153.0,-21.9198,-49.0009,7.0,,0.0,40.0,20.0,,,,,,37.400000000000006,,0.0,40.0,20.0,,,,,,40.6,3.199999999999996,-7.881773399014767,-1.0,2.0
104,720,75,266,Brazil,Iacanga,Tropical,,Medium,LUC,Sugarcane,grass,bioenergy,YES,grassland,3,1,22.0,1153.0,-21.9198,-49.0009,9.0,,0.0,40.0,20.0,,,,,,35.95,,0.0,40.0,20.0,,,,,,40.6,4.649999999999999,-11.453201970443343,-1.0,2.0
105,723,75,267,Brazil,Araçatuba,Tropical,,Sandy,LUC,Sugarcane,grass,bioenergy,YES,grassland,3,1,22.0,1262.0,-21.2029,-50.4537,39.0,,0.0,40.0,20.0,,,,,,52.3,,0.0,40.0,20.0,,,,,,42.45,-9.849999999999994,23.203769140164884,-1.0,2.0
106,726,75,268,Brazil,Araçatuba,Tropical,,Sandy,LUC,Sugarcane,grass,bioenergy,YES,grassland,3,1,22.0,1262.0,-21.2029,-50.4537,16.0,,0.0,40.0,20.0,,,,,,30.1,,0.0,40.0,20.0,,,,,,38.4,8.299999999999997,-21.614583333333325,-1.0,2.0
107,729,75,269,Brazil,Araçatuba,Tropical,,Sandy,LUC,Sugarcane,grass,bioenergy,YES,grassland,3,1,22.0,1262.0,-21.2029,-50.4537,39.0,,0.0,40.0,20.0,,,,,,40.8,,0.0,40.0,20.0,,,,,,37.5,-3.299999999999997,8.799999999999992,-1.0,2.0
108,732,75,270,Brazil,Araçatuba,Tropical,,Sandy,LUC,Sugarcane,grass,bioenergy,YES,grassland,3,1,22.0,1262.0,-21.2029,-50.4537,39.0,,0.0,40.0,20.0,,,,,,25.0,,0.0,40.0,20.0,,,,,,30.45,5.449999999999999,-17.898193760262725,-1.0,2.0
109,735,75,271,Brazil,Andradina,Tropical,,Medium,LUC,Sugarcane,grass,bioenergy,YES,grassland,3,1,23.0,1234.0,-20.899,-51.3797,5.0,,0.0,40.0,20.0,,,,,,39.55,,0.0,40.0,20.0,,,,,,46.5,6.950000000000003,-14.946236559139791,-1.0,2.0
110,738,75,272,Brazil,Andradina,Tropical,,Medium,LUC,Sugarcane,grass,bioenergy,YES,grassland,3,1,23.0,1234.0,-20.899,-51.3797,2.0,,0.0,40.0,20.0,,,,,,33.1,,0.0,40.0,20.0,,,,,,41.2,8.100000000000001,-19.660194174757283,-1.0,2.0
111,741,75,273,Brazil,Andradina,Tropical,,Sandy,LUC,Sugarcane,grass,bioenergy,YES,grassland,3,1,23.0,1234.0,-20.899,-51.3797,10.0,,0.0,40.0,20.0,,,,,,29.55,,0.0,40.0,20.0,,,,,,61.5,31.95,-51.95121951219512,-1.0,2.0
112,744,75,274,Brazil,Andradina,Tropical,,Sandy,LUC,Sugarcane,grass,bioenergy,YES,grassland,3,1,23.0,1234.0,-20.899,-51.3797,4.0,,0.0,40.0,20.0,,,,,,33.65,,0.0,40.0,20.0,,,,,,35.95,2.3000000000000043,-6.39777468706538,-1.0,2.0
113,747,75,275,Brazil,Andradina,Tropical,,Sandy,LUC,Sugarcane,grass,bioenergy,YES,grassland,3,1,23.0,1234.0,-20.899,-51.3797,9.0,,0.0,40.0,20.0,,,,,,32.5,,0.0,40.0,20.0,,,,,,34.9,2.3999999999999986,-6.876790830945555,-1.0,2.0
114,750,75,276,Brazil,Igarapava,Tropical,,Clayey,LUC,Sugarcane,grass,bioenergy,YES,grassland,3,1,22.0,1567.0,-20.0422,-47.7564,8.0,,0.0,40.0,20.0,,,,,,74.44999999999999,,0.0,40.0,20.0,,,,,,102.6,28.15000000000001,-27.436647173489288,-1.0,2.0
115,753,75,277,Brazil,Igarapava,Tropical,,Clayey,LUC,Sugarcane,grass,bioenergy,YES,grassland,3,1,22.0,1567.0,-20.0422,-47.7564,5.0,,0.0,40.0,20.0,,,,,,67.8,,0.0,40.0,20.0,,,,,,84.85,17.049999999999997,-20.09428403064231,-1.0,2.0
116,756,75,278,Brazil,Igarapava,Tropical,,Clayey,LUC,Sugarcane,grass,bioenergy,YES,grassland,3,1,22.0,1567.0,-20.0422,-47.7564,15.0,,0.0,40.0,20.0,,,,,,95.75,,0.0,40.0,20.0,,,,,,116.0,20.25,-17.45689655172414,-1.0,2.0
117,759,75,279,Brazil,Igarapava,Tropical,,Clayey,LUC,Sugarcane,grass,bioenergy,YES,grassland,3,1,22.0,1567.0,-20.0422,-47.7564,20.0,,0.0,40.0,20.0,,,,,,70.75,,0.0,40.0,20.0,,,,,,77.4,6.650000000000006,-8.591731266149878,-1.0,2.0
118,762,75,280,Brazil,Igarapava,Tropical,,Medium,LUC,Sugarcane,grass,bioenergy,YES,grassland,3,1,22.0,1567.0,-20.0422,-47.7564,5.0,,0.0,40.0,20.0,,,,,,52.95,,0.0,40.0,20.0,,,,,,69.65,16.700000000000003,-23.977027997128506,-1.0,2.0
119,765,75,281,Brazil,Campo_Florido,Tropical,,Medium,LUC,Sugarcane,grass,bioenergy,YES,annual_crop,3,1,23.0,1553.0,-19.7529,-48.6389,2.0,,0.0,40.0,20.0,,,,,,38.25,,0.0,40.0,20.0,,,,,,39.5,1.25,-3.1645569620253164,1.0,4.0
120,768,75,282,Brazil,Campo_Florido,Tropical,,Clayey,LUC,Sugarcane,grass,bioenergy,YES,annual_crop,3,1,23.0,1553.0,-19.7529,-48.6389,5.0,,0.0,40.0,20.0,,,,,,44.900000000000006,,0.0,40.0,20.0,,,,,,39.5,-5.400000000000006,13.67088607594938,1.0,4.0
121,771,75,283,Brazil,Campo_Florido,Tropical,,Medium,LUC,Sugarcane,grass,bioenergy,YES,grassland,3,1,23.0,1553.0,-19.7529,-48.6389,3.0,,0.0,40.0,20.0,,,,,,38.150000000000006,,0.0,40.0,20.0,,,,,,33.65,-4.500000000000007,13.372956909361092,-1.0,2.0
122,774,75,284,Brazil,Campo_Florido,Tropical,,Sandy,LUC,Sugarcane,grass,bioenergy,YES,grassland,3,1,23.0,1553.0,-19.7529,-48.6389,6.0,,0.0,40.0,20.0,,,,,,32.45,,0.0,40.0,20.0,,,,,,35.05,2.5999999999999943,-7.41797432239656,-1.0,2.0
123,777,75,285,Brazil,Campo_Florido,Tropical,,Sandy,LUC,Sugarcane,grass,bioenergy,YES,grassland,3,1,23.0,1553.0,-19.7529,-48.6389,7.0,,0.0,40.0,20.0,,,,,,34.4,,0.0,40.0,20.0,,,,,,35.05,0.6499999999999986,-1.85449358059914,-1.0,2.0
124,780,75,286,Brazil,Campo_Florido,Tropical,,Sandy,LUC,Sugarcane,grass,bioenergy,YES,grassland,3,1,23.0,1553.0,-19.7529,-48.6389,7.0,,0.0,40.0,20.0,,,,,,38.5,,0.0,40.0,20.0,,,,,,34.85,-3.649999999999999,10.473457675753224,-1.0,2.0
125,783,75,287,Brazil,Campo_Florido,Tropical,,Sandy,LUC,Sugarcane,grass,bioenergy,YES,grassland,3,1,23.0,1553.0,-19.7529,-48.6389,6.0,,0.0,40.0,20.0,,,,,,25.1,,0.0,40.0,20.0,,,,,,34.85,9.75,-27.97704447632712,-1.0,2.0
126,786,75,288,Brazil,Campo_Florido,Tropical,,Sandy,LUC,Sugarcane,grass,bioenergy,YES,natural_forest,3,1,23.0,1553.0,-19.7529,-48.6389,4.0,,0.0,40.0,20.0,,,,,,36.05,,0.0,40.0,20.0,,,,,,42.8,6.75,-15.77102803738318,-3.0,1.0
127,789,75,289,Brazil,Campo_Florido,Tropical,,Medium,LUC,Sugarcane,grass,bioenergy,YES,annual_crop,3,1,23.0,1553.0,-19.7529,-48.6389,7.0,,0.0,40.0,20.0,,,,,,38.85,,0.0,40.0,20.0,,,,,,39.55,0.6999999999999957,-1.769911504424768,1.0,4.0
128,792,75,290,Brazil,Arapora,Tropical,,Clayey,LUC,Sugarcane,grass,bioenergy,YES,grassland,3,1,23.0,1462.0,-18.4761,-49.142,7.0,,0.0,40.0,20.0,,,,,,69.0,,0.0,40.0,20.0,,,,,,66.5,-2.5,3.7593984962406015,-1.0,2.0
129,795,75,291,Brazil,Arapora,Tropical,,Clayey,LUC,Sugarcane,grass,bioenergy,YES,grassland,3,1,23.0,1462.0,-18.4761,-49.142,16.0,,0.0,40.0,20.0,,,,,,53.8,,0.0,40.0,20.0,,,,,,66.5,12.700000000000005,-19.09774436090226,-1.0,2.0
130,798,75,292,Brazil,Arapora,Tropical,,Clayey,LUC,Sugarcane,grass,bioenergy,YES,natural_forest,3,1,23.0,1462.0,-18.4761,-49.142,39.0,,0.0,40.0,20.0,,,,,,78.3,,0.0,40.0,20.0,,,,,,123.25,44.95,-36.47058823529412,-3.0,1.0
131,801,75,293,Brazil,Arapora,Tropical,,Clayey,LUC,Sugarcane,grass,bioenergy,YES,grassland,3,1,23.0,1462.0,-18.4761,-49.142,10.0,,0.0,40.0,20.0,,,,,,80.25,,0.0,40.0,20.0,,,,,,97.9,17.650000000000006,-18.02860061287028,-1.0,2.0
132,804,75,294,Brazil,Arapora,Tropical,,Clayey,LUC,Sugarcane,grass,bioenergy,YES,grassland,3,1,23.0,1462.0,-18.4761,-49.142,20.0,,0.0,40.0,20.0,,,,,,74.55,,0.0,40.0,20.0,,,,,,97.9,23.35000000000001,-23.85086823289071,-1.0,2.0
133,807,75,295,Brazil,Arapora,Tropical,,Clayey,LUC,Sugarcane,grass,bioenergy,YES,grassland,3,1,23.0,1462.0,-18.4761,-49.142,3.0,,0.0,40.0,20.0,,,,,,77.9,,0.0,40.0,20.0,,,,,,83.69999999999999,5.799999999999983,-6.929510155316587,-1.0,2.0
134,810,75,296,Brazil,Arapora,Tropical,,Clayey,LUC,Sugarcane,grass,bioenergy,YES,grassland,3,1,23.0,1462.0,-18.4761,-49.142,7.0,,0.0,40.0,20.0,,,,,,111.9,,0.0,40.0,20.0,,,,,,84.35,-27.55,32.661529342027265,-1.0,2.0
135,813,75,297,Brazil,Arapora,Tropical,,Clayey,LUC,Sugarcane,grass,bioenergy,YES,grassland,3,1,23.0,1462.0,-18.4761,-49.142,3.0,,0.0,40.0,20.0,,,,,,94.05,,0.0,40.0,20.0,,,,,,92.4,-1.6499999999999917,1.7857142857142765,-1.0,2.0
136,816,75,298,Brazil,Arapora,Tropical,,Clayey,LUC,Sugarcane,grass,bioenergy,YES,grassland,3,1,23.0,1462.0,-18.4761,-49.142,7.0,,0.0,40.0,20.0,,,,,,86.0,,0.0,40.0,20.0,,,,,,81.5,-4.5,5.521472392638037,-1.0,2.0
137,819,75,299,Brazil,Arapora,Tropical,,Clayey,LUC,Sugarcane,grass,bioenergy,YES,grassland,3,1,23.0,1462.0,-18.4761,-49.142,11.0,,0.0,40.0,20.0,,,,,,81.15,,0.0,40.0,20.0,,,,,,91.8,10.650000000000006,-11.601307189542489,-1.0,2.0
138,822,75,300,Brazil,Arapora,Tropical,,Clayey,LUC,Sugarcane,grass,bioenergy,YES,natural_forest,3,1,23.0,1462.0,-18.4761,-49.142,6.0,,0.0,40.0,20.0,,,,,,85.95,,0.0,40.0,20.0,,,,,,87.6,1.6499999999999917,-1.8835616438356069,-3.0,1.0
139,825,75,301,Brazil,Arapora,Tropical,,Clayey,LUC,Sugarcane,grass,bioenergy,YES,grassland,3,1,23.0,1462.0,-18.4761,-49.142,13.0,,0.0,40.0,20.0,,,,,,60.95,,0.0,40.0,20.0,,,,,,66.3,5.349999999999994,-8.069381598793356,-1.0,2.0
140,828,75,302,Brazil,Arapora,Tropical,,Clayey,LUC,Sugarcane,grass,bioenergy,YES,grassland,3,1,23.0,1462.0,-18.4761,-49.142,14.0,,0.0,40.0,20.0,,,,,,75.1,,0.0,40.0,20.0,,,,,,84.25,9.150000000000006,-10.860534124629089,-1.0,2.0
141,831,75,303,Brazil,Arapora,Tropical,,Clayey,LUC,Sugarcane,grass,bioenergy,YES,grassland,3,1,23.0,1462.0,-18.4761,-49.142,15.0,,0.0,40.0,20.0,,,,,,60.65,,0.0,40.0,20.0,,,,,,60.1,-0.5500000000000043,0.9151414309484264,-1.0,2.0
142,834,75,304,Brazil,Arapora,Tropical,,Clayey,LUC,Sugarcane,grass,bioenergy,YES,natural_forest,3,1,23.0,1462.0,-18.4761,-49.142,3.0,,0.0,40.0,20.0,,,,,,79.69999999999999,,0.0,40.0,20.0,,,,,,100.05,20.350000000000023,-20.33983008495754,-3.0,1.0
143,837,75,305,Brazil,Arapora,Tropical,,Clayey,LUC,Sugarcane,grass,bioenergy,YES,annual_crop,3,1,23.0,1462.0,-18.4761,-49.142,3.0,,0.0,40.0,20.0,,,,,,65.80000000000001,,0.0,40.0,20.0,,,,,,63.65,-2.150000000000013,3.377847604084859,1.0,4.0
144,840,75,306,Brazil,Goiatuba,Tropical,,Clayey,LUC,Sugarcane,grass,bioenergy,YES,grassland,3,1,22.0,1585.0,-18.011,-49.3663,11.0,,0.0,40.0,20.0,,,,,,111.55,,0.0,40.0,20.0,,,,,,135.35,23.8,-17.584041374214998,-1.0,2.0
145,843,75,307,Brazil,Goiatuba,Tropical,,Sandy,LUC,Sugarcane,grass,bioenergy,YES,grassland,3,1,22.0,1585.0,-18.011,-49.3663,3.0,,0.0,40.0,20.0,,,,,,65.75,,0.0,40.0,20.0,,,,,,68.0,2.25,-3.308823529411765,-1.0,2.0
146,846,75,308,Brazil,Goiatuba,Tropical,,Clayey,LUC,Sugarcane,grass,bioenergy,YES,annual_crop,3,1,22.0,1585.0,-18.011,-49.3663,3.0,,0.0,40.0,20.0,,,,,,86.45,,0.0,40.0,20.0,,,,,,81.65,-4.799999999999997,5.878750765462335,1.0,4.0
147,849,75,309,Brazil,Goiatuba,Tropical,,Clayey,LUC,Sugarcane,grass,bioenergy,YES,grassland,3,1,22.0,1585.0,-18.011,-49.3663,12.0,,0.0,40.0,20.0,,,,,,100.25,,0.0,40.0,20.0,,,,,,116.8,16.549999999999997,-14.169520547945202,-1.0,2.0
148,852,75,310,Brazil,Goiatuba,Tropical,,Clayey,LUC,Sugarcane,grass,bioenergy,YES,natural_forest,3,1,22.0,1585.0,-18.011,-49.3663,20.0,,0.0,40.0,20.0,,,,,,98.3,,0.0,40.0,20.0,,,,,,124.25,25.950000000000003,-20.88531187122737,-3.0,1.0
149,855,75,311,Brazil,Goiatuba,Tropical,,Clayey,LUC,Sugarcane,grass,bioenergy,YES,grassland,3,1,22.0,1585.0,-18.011,-49.3663,17.0,,0.0,40.0,20.0,,,,,,111.25,,0.0,40.0,20.0,,,,,,116.8,5.549999999999997,-4.751712328767121,-1.0,2.0
150,934,87,361,Malaysia,north_Selangor,Tropical,,,LUC,PalmOil,palm,food,YES,secondary_forest,1,5,28.5,2000.0,3.33,101.3,13.0,2014.0,0.0,10.0,5.0,0.12,,,,3.7,1050.0,140.0,0.0,10.0,5.0,0.2,,,,3.4,990.0,-60.0,6.0606060606060606,-2.0,1.0
151,935,87,362,Malaysia,north_Selangor,Tropical,,,LUC,PalmOil,palm,food,YES,natural_forest,1,5,28.5,2000.0,3.33,101.3,13.0,2014.0,0.0,10.0,5.0,0.12,,,,3.7,1050.0,140.0,0.0,10.0,5.0,0.14,,,,3.7,885.0,-165.0,18.64406779661017,-3.0,1.0
152,936,87,363,Malaysia,north_Selangor,Tropical,,,LUC,PalmOil,palm,food,YES,secondary_forest,1,5,28.5,2000.0,3.33,101.3,0.5,2014.0,0.0,10.0,5.0,0.14,,,,3.9,560.0,160.0,0.0,10.0,5.0,0.2,,,,3.4,990.0,430.0,-43.43434343434344,-2.0,1.0
153,937,87,364,Malaysia,north_Selangor,Tropical,,,LUC,PalmOil,palm,food,YES,natural_forest,1,5,28.5,2000.0,3.33,101.3,0.5,2014.0,0.0,10.0,5.0,0.14,,,,3.9,560.0,160.0,0.0,10.0,5.0,0.14,,,,3.7,885.0,325.0,-36.72316384180791,-3.0,1.0
155,957,89,372,Indonesia,Lampung,Tropical,,Inceptisol,LUC,Cocoa,woody,food,YES,natural_forest,1,1,20.0,2500.0,-5.0,104.0,25.0,1999.0,0.0,30.0,15.0,,,,,,52.0,,0.0,30.0,15.0,,,,,,262.0,210.0,-80.1526717557252,-3.0,1.0
156,958,89,373,Indonesia,Lampung,Tropical,,Inceptisol,LUC,Cocoa,woody,food,YES,secondary_forest,1,1,20.0,2500.0,-5.0,104.0,25.0,1999.0,0.0,30.0,15.0,,,,,,52.0,,0.0,30.0,15.0,,,,,,96.0,44.0,-45.83333333333333,-2.0,1.0
158,962,91,375,UK,East Riding of Yorkshire,Temperate,,,LUC,Willow,woody,SRC,YES,annual_crop,3,3,9.0,571.0,53.7,-0.8,12.0,2013.0,15.0,40.0,27.5,1.395,,,,,46.54,,15.0,40.0,27.5,1.4449999999999998,,,,,47.355,0.8150000000000048,-1.721043184457829,2.0,5.0
159,965,92,376,UK,East Riding of Yorkshire,Temperate,,,LUC,Willow,woody,SRC,YES,annual_crop,3,3,9.0,571.0,53.7,-0.8,5.0,2013.0,15.0,40.0,27.5,1.475,,,,,46.21,,15.0,40.0,27.5,1.4449999999999998,,,,,47.355,1.1450000000000031,-2.417907295956083,2.0,5.0
160,968,93,377,UK,Nottinghamshire,Temperate,,,LUC,Willow,woody,SRC,YES,annual_crop,3,3,9.0,568.0,53.2,-0.7,4.0,2012.0,15.0,40.0,27.5,1.035,,,,,81.2,,15.0,40.0,27.5,1.585,,,,,27.265,-53.935,197.81771501925547,2.0,5.0
161,971,94,378,UK,Nottinghamshire,Temperate,,,LUC,Willow,woody,SRC,YES,annual_crop,3,3,9.0,568.0,53.2,-0.7,4.0,2012.0,15.0,40.0,27.5,1.035,,,,,81.2,,15.0,40.0,27.5,1.2000000000000002,,,,,105.945,24.74499999999999,-23.356458539808383,2.0,5.0
162,974,95,379,UK,Hampshire,Temperate,,,LUC,Willow,woody,SRC,YES,grassland,3,3,10.0,743.0,50.9,-0.4,4.0,2012.0,15.0,40.0,27.5,1.475,,,,,32.0,,15.0,40.0,27.5,1.48,,,,,27.8,-4.199999999999999,15.107913669064748,0.0,3.0
163,977,96,380,UK,Buckinghamshire,Temperate,,,LUC,Willow,woody,SRC,YES,annual_crop,3,3,10.0,646.0,51.7,-0.9,5.0,2012.0,15.0,40.0,27.5,1.375,,,,,44.54,,15.0,40.0,27.5,1.365,,,,,36.105,-8.434999999999995,23.362415177953174,2.0,5.0
164,979,97,381,UK,Buckinghamshire,Temperate,,,LUC,Miscanthus,grass,bioenergy,YES,annual_crop,3,3,10.0,646.0,51.7,-0.9,5.0,2012.0,15.0,40.0,27.5,1.31,,,,,32.870000000000005,,15.0,40.0,27.5,1.365,,,,,36.105,3.2349999999999994,-8.959977842404095,1.0,4.0
165,982,98,382,UK,Buckinghamshire,Temperate,,,LUC,Miscanthus,grass,bioenergy,YES,SRC,3,3,10.0,646.0,51.7,-0.9,5.0,2012.0,15.0,40.0,27.5,1.31,,,,,32.870000000000005,,15.0,40.0,27.5,1.375,,,,,44.54,11.669999999999996,-26.201167489896708,-1.0,2.0
166,985,99,383,UK,North_Yorkshire,Temperate,,,LUC,Miscanthus,grass,bioenergy,YES,annual_crop,3,3,9.0,612.0,54.0,-1.2,5.0,2012.0,15.0,40.0,27.5,1.55,,,,,42.72,,15.0,40.0,27.5,1.59,,,,,37.285,-5.435000000000002,14.576907603593948,1.0,4.0
167,988,100,384,UK,North_Yorkshire,Temperate,,,LUC,Miscanthus,grass,bioenergy,YES,grassland,3,3,9.0,704.0,54.1,-1.1,6.0,2012.0,15.0,40.0,27.5,1.44,,,,,50.815000000000005,,15.0,40.0,27.5,1.27,,,,,38.375,-12.440000000000005,32.4169381107492,-1.0,2.0
168,991,101,385,UK,West_Berkshire,Temperate,,,LUC,Miscanthus,grass,bioenergy,YES,annual_crop,3,3,10.0,758.0,51.5,-1.3,5.0,2012.0,15.0,40.0,27.5,0.955,,,,,34.06,,15.0,40.0,27.5,1.185,,,,,24.87,-9.19,36.95215118616808,1.0,4.0
169,994,102,386,UK,Wiltshire,Temperate,,,LUC,Willow,woody,SRC,YES,grassland,3,3,10.0,656.0,51.5,-1.6,7.0,2012.0,15.0,40.0,27.5,1.13,,,,,58.215,,15.0,40.0,27.5,0.78,,,,,82.87,24.655,-29.75141788343188,0.0,3.0
170,997,103,387,UK,Wiltshire,Temperate,,,LUC,Willow,woody,SRC,YES,annual_crop,3,3,10.0,656.0,51.5,-1.6,7.0,2012.0,15.0,40.0,27.5,1.205,,,,,39.835,,15.0,40.0,27.5,1.185,,,,,42.615,2.780000000000001,-6.523524580546757,2.0,5.0
171,1000,104,388,UK,Oxfordshire,Temperate,,,LUC,Miscanthus,grass,bioenergy,YES,annual_crop,3,3,9.0,687.0,51.8,-1.6,5.0,2012.0,15.0,40.0,27.5,1.495,,,,,29.935,,15.0,40.0,27.5,1.045,,,,,53.96,24.025,-44.52372127501854,1.0,4.0
173,1006,106,390,UK,Worcestershire,Temperate,,,LUC,Willow,woody,SRC,YES,grassland,3,3,9.0,770.0,52.2,-1.9,9.0,2013.0,15.0,40.0,27.5,1.5699999999999998,,,,,58.005,,15.0,40.0,27.5,1.385,,,,,66.255,8.249999999999993,-12.451890423364263,0.0,3.0
174,1009,107,391,UK,Worcestershire,Temperate,,,LUC,Willow,woody,SRC,YES,grassland,3,3,9.0,770.0,52.2,-1.9,19.0,2013.0,15.0,40.0,27.5,1.57,,,,,47.265,,15.0,40.0,27.5,1.385,,,,,66.255,18.989999999999995,-28.66198777450758,0.0,3.0
175,1012,108,392,UK,Worcestershire,Temperate,,,LUC,Willow,woody,SRC,YES,grassland,3,3,9.0,770.0,52.2,-1.9,22.0,2013.0,15.0,40.0,27.5,1.555,,,,,57.645,,15.0,40.0,27.5,1.385,,,,,66.255,8.61,-12.995245641838352,0.0,3.0
176,1015,109,393,UK,Clwyd,Temperate,,,LUC,Miscanthus,grass,bioenergy,YES,grassland,3,3,9.0,1132.0,53.2,-3.7,5.0,2013.0,15.0,40.0,27.5,1.465,,,,,53.195,,15.0,40.0,27.5,1.095,,,,,29.450000000000003,-23.745,80.62818336162987,-1.0,2.0
177,1018,110,394,UK,Gwynedd,Temperate,,,LUC,Miscanthus,grass,bioenergy,YES,grassland,3,3,10.0,1145.0,52.4,-4.0,0.0,2013.0,15.0,40.0,27.5,1.14,,,,,62.035,,15.0,40.0,27.5,1.04,,,,,49.65,-12.385000000000003,24.944612286002023,-1.0,2.0
178,1020,111,395,UK,Somerset ,Temperate,,,LUC,Miscanthus,grass,bioenergy,YES,grassland,3,3,10.0,868.0,51.2,-2.8,9.0,2013.0,15.0,40.0,27.5,0.985,,,,,73.075,,15.0,40.0,27.5,1.05,,,,,68.055,-5.019999999999996,7.376386746014246,-1.0,2.0
179,1023,112,396,UK,Dorset,Temperate,,,LUC,Willow,woody,SRC,YES,annual_crop,3,3,10.0,820.0,50.7,-2.4,5.0,2013.0,15.0,40.0,27.5,1.31,,,,,31.93,,15.0,40.0,27.5,1.52,,,,,39.55,7.619999999999997,-19.266750948166877,2.0,5.0
180,1026,113,397,UK,Somerset ,Temperate,,,LUC,Miscanthus,grass,bioenergy,YES,annual_crop,3,3,10.0,957.0,51.0,-3.1,10.0,2013.0,15.0,40.0,27.5,1.595,,,,,34.585,,15.0,40.0,27.5,1.015,,,,,35.160000000000004,0.5750000000000028,-1.635381114903307,1.0,4.0
181,1029,114,398,UK,Somerset ,Temperate,,,LUC,Miscanthus,grass,bioenergy,YES,annual_crop,3,3,10.0,957.0,51.0,-3.1,10.0,2013.0,15.0,40.0,27.5,1.47,,,,,35.35,,15.0,40.0,27.5,1.185,,,,,55.67,20.32,-36.500808334830246,1.0,4.0
182,1032,115,399,UK,Cornwall,Temperate,,,LUC,Miscanthus,grass,bioenergy,YES,grassland,3,3,11.0,938.0,50.5,-4.8,9.0,2012.0,15.0,40.0,27.5,1.13,,,,,40.715,,15.0,40.0,27.5,1.135,,,,,48.495,7.780000000000001,-16.042891019692753,-1.0,2.0
183,1035,116,400,UK,Cornwall,Temperate,,,LUC,Miscanthus,grass,bioenergy,YES,annual_crop,3,3,10.0,1048.0,50.4,-4.6,8.0,2012.0,15.0,40.0,27.5,0.915,,,,,49.275000000000006,,15.0,40.0,27.5,1.085,,,,,44.155,-5.1200000000000045,11.595515796625534,1.0,4.0
184,1038,117,401,UK,Cornwall,Temperate,,,LUC,Miscanthus,grass,bioenergy,YES,annual_crop,3,3,10.0,1048.0,50.4,-4.6,8.0,2012.0,15.0,40.0,27.5,0.915,,,,,49.275000000000006,,15.0,40.0,27.5,0.97,,,,,49.34,0.0649999999999906,-0.13173895419536,1.0,4.0
185,1041,118,402,UK,Cornwall,Temperate,,,LUC,Miscanthus,grass,bioenergy,YES,annual_crop,3,3,10.0,1048.0,50.4,-4.6,8.0,2012.0,15.0,40.0,27.5,1.065,,,,,49.34,,15.0,40.0,27.5,0.72,,,,,75.515,26.175000000000004,-34.661987684565986,1.0,4.0
186,1044,119,403,UK,Fife,Temperate,,,LUC,Willow,woody,SRC,YES,annual_crop,3,3,9.0,986.0,56.0,-3.6,4.0,2012.0,15.0,40.0,27.5,1.26,,,,,70.095,,15.0,40.0,27.5,1.465,,,,,61.835,-8.259999999999998,13.358130508611625,2.0,5.0
187,1047,120,404,UK,Fife,Temperate,,,LUC,Willow,woody,SRC,YES,annual_crop,3,3,9.0,986.0,56.0,-3.6,4.0,2012.0,15.0,40.0,27.5,1.26,,,,,70.095,,15.0,40.0,27.5,1.4,,,,,54.585,-15.509999999999998,28.414399560318763,2.0,5.0
188,1050,121,405,UK,Fife,Temperate,,,LUC,Willow,woody,SRC,YES,grassland,3,3,8.0,824.0,56.2,-3.2,6.0,2013.0,15.0,40.0,27.5,1.4,,,,,46.15,,15.0,40.0,27.5,1.11,,,,,67.405,21.255000000000003,-31.53326904532305,0.0,3.0
189,1053,122,406,UK,Pembrokeshire,Temperate,,,LUC,Willow,woody,SRC,YES,grassland,3,3,10.0,1059.0,51.7,-4.7,9.0,2013.0,15.0,40.0,27.5,1.355,,,,,47.75,,15.0,40.0,27.5,1.23,,,,,32.8,-14.950000000000005,45.57926829268294,0.0,3.0
190,1056,123,407,UK,Pembrokeshire,Temperate,,,LUC,Willow,woody,SRC,YES,grassland,3,3,10.0,1059.0,51.7,-4.7,9.0,2013.0,15.0,40.0,27.5,1.355,,,,,47.75,,15.0,40.0,27.5,1.14,,,,,51.265,3.515000000000001,-6.856529796157224,0.0,3.0
191,1059,124,408,UK,Pembrokeshire,Temperate,,,LUC,Willow,woody,SRC,YES,grassland,3,3,10.0,1059.0,51.7,-4.7,9.0,2013.0,15.0,40.0,27.5,1.185,,,,,61.255,,15.0,40.0,27.5,1.14,,,,,51.265,-9.990000000000002,19.48697942065737,0.0,3.0
192,1062,125,409,UK,Pembrokeshire,Temperate,,,LUC,Willow,woody,SRC,YES,grassland,3,3,10.0,1059.0,51.7,-4.7,9.0,2013.0,15.0,40.0,27.5,1.185,,,,,61.255,,15.0,40.0,27.5,1.23,,,,,32.8,-28.455000000000005,86.75304878048783,0.0,3.0
193,1065,126,410,UK,Cumbria,Temperate,,,LUC,Willow,woody,SRC,YES,annual_crop,3,3,10.0,609.0,52.5,-0.5,6.0,2013.0,15.0,40.0,27.5,1.485,,,,,44.56,,15.0,40.0,27.5,1.7999999999999998,,,,,32.255,-12.305,38.14912416679584,2.0,5.0
194,1068,127,411,UK,West Midlands,Temperate,,,LUC,Miscanthus,grass,bioenergy,YES,annual_crop,2,3,10.0,609.0,52.7,-2.1,6.0,2013.0,15.0,40.0,27.5,1.235,,,,,34.825,,15.0,40.0,27.5,1.415,,,,,30.365,-4.460000000000004,14.687963115428962,1.0,4.0
195,1070,128,412,Germany,Abbachhof,Temperate,,,LUC,Poplar,woody,SRC,YES,annual_crop,2,2,8.0,650.0,49.083,12.15,28.0,2012.0,0.0,30.0,15.0,1.5,11.0,21.0,67.0,5.7,34.0,4.0,0.0,30.0,15.0,1.5,11.0,21.0,67.0,6.7,37.0,3.0,-8.108108108108109,2.0,5.0
196,1072,128,413,Germany,Arnsfeld,Temperate,,,LUC,Poplar,woody,SRC,YES,annual_crop,2,2,6.9,860.0,50.583,13.11,13.0,2012.0,0.0,30.0,15.0,1.2,17.0,38.0,45.0,5.0,49.0,5.0,0.0,30.0,15.0,1.4,17.0,38.0,45.0,5.4,37.0,-12.0,32.432432432432435,2.0,5.0
197,1074,128,414,Germany,Beuerberg,Temperate,,,LUC,Poplar,woody,SRC,YES,grassland,2,2,7.8,1425.0,47.833,11.4,18.0,2012.0,0.0,30.0,15.0,1.1,25.0,43.0,32.0,4.9,62.0,5.0,0.0,30.0,15.0,1.2,25.0,43.0,32.0,5.8,76.0,14.0,-18.421052631578945,0.0,3.0
198,1076,128,415,Germany,Bad_Birnbach,Temperate,,,LUC,Poplar,woody,SRC,YES,annual_crop,2,2,8.9,930.0,48.416,13.15,17.0,2012.0,0.0,30.0,15.0,1.3,20.0,68.0,12.0,5.8,57.0,4.0,0.0,30.0,15.0,1.3,20.0,68.0,12.0,6.3,51.0,-6.0,11.76470588235294,2.0,5.0
199,1078,128,416,Germany,Dornburg,Temperate,,,LUC,Poplar,woody,SRC,YES,annual_crop,2,2,8.1,595.0,51.0,11.666,18.0,2012.0,0.0,30.0,15.0,1.3,29.0,67.0,4.0,6.7,48.0,3.0,0.0,30.0,15.0,1.5,29.0,67.0,4.0,7.2,36.0,-12.0,33.33333333333333,2.0,5.0
200,1080,128,417,Germany,Forchheim,Temperate,,,LUC,Willow,woody,SRC,YES,annual_crop,2,2,10.1,742.0,48.966,8.333,17.0,2012.0,0.0,30.0,15.0,1.4,11.0,19.0,70.0,5.7,45.0,2.0,0.0,30.0,15.0,1.6,11.0,19.0,70.0,5.5,40.0,-5.0,12.5,2.0,5.0
201,1082,128,418,Germany,Georgenhof,Temperate,,,LUC,Willow,woody,SRC,YES,grassland,2,2,7.9,740.0,51.433,9.6,23.0,2012.0,0.0,30.0,15.0,1.2,11.0,20.0,69.0,5.4,58.0,12.0,0.0,30.0,15.0,1.4,11.0,20.0,69.0,5.4,52.0,-6.0,11.538461538461538,0.0,3.0
202,1084,128,419,Germany,Hann_M€unden,Temperate,,,LUC,Poplar,woody,SRC,YES,annual_crop,2,2,8.6,700.0,51.483,9.6,35.0,2012.0,0.0,30.0,15.0,1.1,20.0,56.0,24.0,5.3,64.0,7.0,0.0,30.0,15.0,1.4,20.0,56.0,24.0,5.2,45.0,-19.0,42.22222222222222,2.0,5.0
203,1086,128,420,Germany,Heuberghof,Temperate,,,LUC,Willow,woody,SRC,YES,annual_crop,2,2,6.8,800.0,48.283,8.433,18.0,2012.0,0.0,30.0,15.0,0.9,67.0,30.0,3.0,7.0,98.0,9.0,0.0,30.0,15.0,0.9,67.0,30.0,3.0,5.9,99.0,1.0,-1.0101010101010102,2.0,5.0
204,1087,128,421,Germany,Hart,Temperate,,,LUC,Poplar,woody,SRC,YES,annual_crop,2,2,8.8,1155.0,47.933,12.55,18.0,2012.0,0.0,30.0,15.0,1.3,24.0,53.0,23.0,5.4,55.0,3.0,0.0,30.0,15.0,1.2,24.0,53.0,23.0,6.4,61.0,6.0,-9.836065573770492,2.0,5.0
205,1089,128,422,Germany,Langenwetzendorf,Temperate,,,LUC,Poplar,woody,SRC,YES,annual_crop,2,2,7.4,600.0,50.683,12.1,19.0,2012.0,0.0,30.0,15.0,1.4,23.0,59.0,18.0,5.8,48.0,5.0,0.0,30.0,15.0,1.3,23.0,59.0,18.0,6.6,60.0,12.0,-20.0,2.0,5.0
206,1091,128,423,Germany,Mehrstedt,Temperate,,,LUC,Poplar,woody,SRC,YES,grassland,2,2,8.5,547.0,51.283,10.633,8.0,2012.0,0.0,30.0,15.0,1.3,24.0,67.0,10.0,5.6,44.0,5.0,0.0,30.0,15.0,1.3,24.0,67.0,10.0,6.8,49.0,5.0,-10.20408163265306,0.0,3.0
207,1093,128,424,Germany,Neuhof,Temperate,,,LUC,Poplar,woody,SRC,YES,annual_crop,2,2,8.2,800.0,48.766,10.8,18.0,2012.0,0.0,30.0,15.0,1.3,32.0,49.0,19.0,7.2,61.0,5.0,0.0,30.0,15.0,1.3,32.0,49.0,19.0,7.2,64.0,3.0,-4.6875,2.0,5.0
208,1095,128,425,Germany,Pumpernudel,Temperate,,,LUC,Poplar,woody,SRC,YES,annual_crop,2,2,8.1,990.0,48.233,12.116,14.0,2012.0,0.0,30.0,15.0,1.3,26.0,62.0,11.0,5.3,51.0,4.0,0.0,30.0,15.0,1.3,26.0,62.0,11.0,7.0,54.0,3.0,-5.555555555555555,2.0,5.0
209,1097,128,426,Germany,Potsdam,Temperate,,,LUC,Poplar,woody,SRC,YES,annual_crop,2,2,9.2,560.0,48.233,13.0,17.0,2012.0,0.0,30.0,15.0,1.5,11.0,13.0,76.0,6.0,36.0,8.0,0.0,30.0,15.0,1.6,11.0,13.0,76.0,5.9,29.0,-7.0,24.13793103448276,2.0,5.0
210,1099,128,427,Germany,Salzungen,Temperate,,,LUC,Poplar,woody,SRC,YES,annual_crop,2,2,8.1,586.0,50.8,10.233,15.0,2012.0,0.0,30.0,15.0,1.3,12.0,30.0,58.0,5.7,33.0,2.0,0.0,30.0,15.0,1.4,12.0,30.0,58.0,5.9,28.0,-5.0,17.857142857142858,2.0,5.0
211,1101,128,428,Germany,Sk€aßchen,Temperate,,,LUC,Poplar,woody,SRC,YES,annual_crop,2,2,8.5,575.0,51.35,13.566,14.0,2012.0,0.0,30.0,15.0,1.3,12.0,24.0,64.0,5.9,39.0,2.0,0.0,30.0,15.0,1.4,12.0,24.0,64.0,5.9,44.0,5.0,-11.363636363636363,2.0,5.0
212,1103,128,429,Germany,Schwarzenau,Temperate,,,LUC,Willow,woody,SRC,YES,annual_crop,2,2,9.8,570.0,49.75,10.2166,17.0,2012.0,0.0,30.0,15.0,1.5,13.0,11.0,77.0,5.6,38.0,4.0,0.0,30.0,15.0,1.5,13.0,11.0,77.0,4.9,20.0,-18.0,90.0,2.0,5.0
213,1105,128,430,Germany,Teisendorf,Temperate,,,LUC,Poplar,woody,SRC,YES,grassland,2,2,7.8,1541.0,47.833,12.85,14.0,2012.0,0.0,30.0,15.0,1.0,36.0,49.0,15.0,6.2,71.0,4.0,0.0,30.0,15.0,1.1,36.0,49.0,15.0,6.9,78.0,7.0,-8.974358974358974,0.0,3.0
214,1107,128,431,Germany,Thammenhain,Temperate,,,LUC,Poplar,woody,SRC,YES,annual_crop,2,2,8.5,575.0,51.433,12.85,12.0,2012.0,0.0,30.0,15.0,1.6,9.0,31.0,60.0,5.6,33.0,5.0,0.0,30.0,15.0,1.5,9.0,31.0,60.0,5.6,40.0,7.0,-17.5,2.0,5.0
215,1109,128,432,Germany,W€ollershof,Temperate,,,LUC,Poplar,woody,SRC,YES,annual_crop,2,2,8.1,710.0,49.75,12.183,20.0,2012.0,0.0,30.0,15.0,1.3,11.0,30.0,59.0,5.3,38.0,2.0,0.0,30.0,15.0,1.4,11.0,30.0,59.0,6.0,31.0,-7.0,22.58064516129032,2.0,5.0
216,1113,130,434,USA,Iowa,Temperate,,,LUC,Switchgrass,grass,bioenergy,YES,annual_crop,2,1,9.0,864.0,41.878,-93.097,24.0,,0.0,30.0,15.0,,,,,,41.63,,0.0,30.0,15.0,,,,,,38.73,-2.9000000000000057,7.487735605473808,1.0,4.0
217,1114,130,435,USA,Iowa,Temperate,,,LUC,Switchgrass,grass,bioenergy,YES,annual_crop,2,1,9.0,864.0,41.878,-93.097,24.0,,0.0,30.0,15.0,,,,,,48.86,,0.0,30.0,15.0,,,,,,38.73,-10.130000000000004,26.155435063258462,1.0,4.0
218,1117,131,436,USA,Tennessee,Temperate,,,LUC,Switchgrass,grass,bioenergy,YES,annual_crop,2,1,15.0,1397.0,35.5175,-86.5804,5.0,,0.0,30.0,15.0,,,,,,27.59,,0.0,30.0,15.0,,,,,,23.99,-3.6000000000000014,15.006252605252197,1.0,4.0
219,1118,131,437,USA,Tennessee,Temperate,,,LUC,Switchgrass,grass,bioenergy,YES,grassland,2,1,15.0,1397.0,35.5175,-86.5804,5.0,,0.0,30.0,15.0,,,,,,34.1,,0.0,30.0,15.0,,,,,,33.52,-0.5799999999999983,1.7303102625298277,-1.0,2.0
220,1119,131,438,USA,Kentucky,Temperate,,,LUC,Switchgrass,grass,bioenergy,YES,annual_crop,2,1,13.0,1165.0,37.8393,-84.27,5.0,,0.0,30.0,15.0,,,,,,24.07,,0.0,30.0,15.0,,,,,,23.02,-1.0500000000000007,4.561251086012167,1.0,4.0
221,1120,131,439,USA,Virginia,Temperate,,,LUC,Switchgrass,grass,bioenergy,YES,grassland,2,1,13.0,1116.0,37.4316,-78.6569,5.0,,0.0,30.0,15.0,,,,,,36.92,,0.0,30.0,15.0,,,,,,42.32,5.399999999999999,-12.759924385633267,-1.0,2.0
222,1125,132,440,USA,Ohio,Temperate,,,LUC,Switchgrass,grass,bioenergy,YES,grassland,2,1,10.0,973.0,40.4173,-82.9071,7.0,,0.0,30.0,15.0,,,,,,106.0,,0.0,30.0,15.0,,,,,,108.0,2.0,-1.851851851851852,-1.0,2.0
223,1126,132,441,USA,Ohio,Temperate,,,LUC,Switchgrass,grass,bioenergy,YES,annual_crop,2,1,10.0,973.0,40.4173,-82.9071,7.0,,0.0,30.0,15.0,,,,,,75.0,,0.0,30.0,15.0,,,,,,80.0,5.0,-6.25,1.0,4.0
224,1127,132,442,USA,Ohio,Temperate,,,LUC,Switchgrass,grass,bioenergy,YES,grassland,2,1,10.0,973.0,40.4173,-82.9071,7.0,,0.0,30.0,15.0,,,,,,60.0,,0.0,30.0,15.0,,,,,,63.0,3.0,-4.761904761904762,-1.0,2.0
225,1131,133,443,USA,Ohio,Temperate,,,LUC,Switchgrass,grass,bioenergy,YES,grassland,1,1,10.0,973.0,40.4173,-82.9071,6.0,,0.0,30.0,15.0,,,,,,105.75,,0.0,30.0,15.0,,,,,,105.7,-0.0499999999999971,0.0473036896877929,-1.0,2.0
226,1132,133,444,USA,Ohio,Temperate,,,LUC,Switchgrass,grass,bioenergy,YES,grassland,1,1,10.0,973.0,40.4173,-82.9071,6.0,,0.0,30.0,15.0,,,,,,117.32,,0.0,30.0,15.0,,,,,,105.7,-11.61999999999999,10.993377483443698,-1.0,2.0
227,1133,133,445,USA,Ohio,Temperate,,,LUC,Switchgrass,grass,bioenergy,YES,grassland,1,1,10.0,973.0,40.4173,-82.9071,6.0,,0.0,30.0,15.0,,,,,,126.0,,0.0,30.0,15.0,,,,,,105.7,-20.3,19.20529801324503,-1.0,2.0
228,1134,133,446,USA,Ohio,Temperate,,,LUC,Switchgrass,grass,bioenergy,YES,grassland,1,1,10.0,973.0,40.4173,-82.9071,6.0,,0.0,30.0,15.0,,,,,,134.49,,0.0,30.0,15.0,,,,,,105.7,-28.790000000000006,27.23746452223274,-1.0,2.0
229,1135,133,447,USA,Ohio,Temperate,,,LUC,Switchgrass,grass,bioenergy,YES,annual_crop,1,1,10.0,973.0,40.4173,-82.9071,6.0,,0.0,30.0,15.0,,,,,,58.59,,0.0,30.0,15.0,,,,,,64.89,6.299999999999997,-9.708737864077666,1.0,4.0
230,1136,133,448,USA,Ohio,Temperate,,,LUC,Switchgrass,grass,bioenergy,YES,annual_crop,1,1,10.0,973.0,40.4173,-82.9071,6.0,,0.0,30.0,15.0,,,,,,56.74,,0.0,30.0,15.0,,,,,,64.89,8.149999999999999,-12.559716443211585,1.0,4.0
231,1137,133,449,USA,Ohio,Temperate,,,LUC,Switchgrass,grass,bioenergy,YES,annual_crop,1,1,10.0,973.0,40.4173,-82.9071,6.0,,0.0,30.0,15.0,,,,,,62.55,,0.0,30.0,15.0,,,,,,64.89,2.3400000000000034,-3.6061026352288543,1.0,4.0
232,1138,133,450,USA,Ohio,Temperate,,,LUC,Switchgrass,grass,bioenergy,YES,annual_crop,1,1,10.0,973.0,40.4173,-82.9071,6.0,,0.0,30.0,15.0,,,,,,61.43,,0.0,30.0,15.0,,,,,,64.89,3.460000000000001,-5.332100477731546,1.0,4.0
233,1139,133,451,USA,Ohio,Temperate,,,LUC,Switchgrass,grass,bioenergy,YES,grassland,1,1,10.0,973.0,40.4173,-82.9071,6.0,,0.0,30.0,15.0,,,,,,65.71,,0.0,30.0,15.0,,,,,,78.08,12.370000000000005,-15.842725409836072,-1.0,2.0
234,1140,133,452,USA,Ohio,Temperate,,,LUC,Switchgrass,grass,bioenergy,YES,grassland,1,1,10.0,973.0,40.4173,-82.9071,6.0,,0.0,30.0,15.0,,,,,,60.98,,0.0,30.0,15.0,,,,,,78.08,17.1,-21.900614754098363,-1.0,2.0
235,1141,133,453,USA,Ohio,Temperate,,,LUC,Switchgrass,grass,bioenergy,YES,grassland,1,1,10.0,973.0,40.4173,-82.9071,6.0,,0.0,30.0,15.0,,,,,,69.08,,0.0,30.0,15.0,,,,,,78.08,9.0,-11.526639344262296,-1.0,2.0
236,1142,133,454,USA,Ohio,Temperate,,,LUC,Switchgrass,grass,bioenergy,YES,grassland,1,1,10.0,973.0,40.4173,-82.9071,6.0,,0.0,30.0,15.0,,,,,,79.83,,0.0,30.0,15.0,,,,,,78.08,-1.75,2.2412909836065573,-1.0,2.0
237,1143,134,455,Canada,Canada,Boreal,,,LUC,Switchgrass,grass,bioenergy,YES,annual_crop,2,1,-1.0,503.0,56.1304,-106.3468,5.0,,0.0,30.0,15.0,,,,,,51.0,,0.0,30.0,15.0,,,,,,51.0,0.0,0.0,1.0,4.0
238,1144,134,456,Canada,Canada,Boreal,,,LUC,Switchgrass,grass,bioenergy,YES,annual_crop,2,1,-1.0,503.0,56.1304,-106.3468,5.0,,0.0,30.0,15.0,,,,,,60.0,,0.0,30.0,15.0,,,,,,54.0,-6.0,11.11111111111111,1.0,4.0
239,1147,135,457,USA,Indiana,Temperate,,,LUC,Switchgrass,grass,bioenergy,YES,annual_crop,2,1,10.0,995.0,40.2672,-86.1349,6.0,,0.0,30.0,15.0,,,,,,74.49,,0.0,30.0,15.0,,,,,,62.55,-11.939999999999998,19.08872901678657,1.0,4.0
240,1148,135,458,USA,Indiana,Temperate,,,LUC,Switchgrass,grass,bioenergy,YES,annual_crop,2,1,10.0,995.0,40.2672,-86.1349,6.0,,0.0,30.0,15.0,,,,,,115.17,,0.0,30.0,15.0,,,,,,106.77,-8.400000000000006,7.867378477100314,1.0,4.0
241,1149,135,459,USA,Indiana,Temperate,,,LUC,Switchgrass,grass,bioenergy,YES,annual_crop,2,1,10.0,995.0,40.2672,-86.1349,8.0,,0.0,30.0,15.0,,,,,,127.29,,0.0,30.0,15.0,,,,,,112.3,-14.990000000000007,13.348174532502236,1.0,4.0
242,1150,135,460,USA,Indiana,Temperate,,,LUC,Switchgrass,grass,bioenergy,YES,annual_crop,2,1,10.0,995.0,40.2672,-86.1349,6.0,,0.0,30.0,15.0,,,,,,64.86,,0.0,30.0,15.0,,,,,,50.35,-14.509999999999998,28.818272095332663,1.0,4.0
243,1151,135,461,USA,Indiana,Temperate,,,LUC,Switchgrass,grass,bioenergy,YES,annual_crop,2,1,10.0,995.0,40.2672,-86.1349,6.0,,0.0,30.0,15.0,,,,,,47.27,,0.0,30.0,15.0,,,,,,29.17,-18.1,62.05005142269455,1.0,4.0
244,1152,135,462,USA,Indiana,Temperate,,,LUC,Switchgrass,grass,bioenergy,YES,annual_crop,2,1,10.0,995.0,40.2672,-86.1349,5.0,,0.0,30.0,15.0,,,,,,125.73,,0.0,30.0,15.0,,,,,,135.41,9.679999999999993,-7.14865962632006,1.0,4.0
245,1153,135,463,USA,Indiana,Temperate,,,LUC,Switchgrass,grass,bioenergy,YES,annual_crop,2,1,10.0,995.0,40.2672,-86.1349,8.0,,0.0,30.0,15.0,,,,,,43.75,,0.0,30.0,15.0,,,,,,69.51,25.760000000000005,-37.05941591137966,1.0,4.0
246,1161,136,464,USA,Pennsylvania,Temperate,,,LUC,Switchgrass,grass,bioenergy,YES,annual_crop,1,1,10.0,1009.0,41.2033,-77.194,7.0,,0.0,30.0,15.0,,,,,,52.72,,0.0,30.0,15.0,,,,,,52.72,0.0,0.0,1.0,4.0
247,1162,136,465,USA,Pennsylvania,Temperate,,,LUC,Switchgrass,grass,bioenergy,YES,annual_crop,1,1,10.0,1009.0,41.2033,-77.194,5.0,,0.0,30.0,15.0,,,,,,49.21,,0.0,30.0,15.0,,,,,,52.33,3.119999999999997,-5.962163195107964,1.0,4.0
248,1163,137,466,USA,Tennessee,Temperate,,,LUC,Switchgrass,grass,bioenergy,YES,annual_crop,2,1,15.0,1397.0,35.5175,-86.5804,3.0,,0.0,30.0,15.0,,,,,,9.81,,0.0,30.0,15.0,,,,,,8.89,-0.92,10.348706411698537,1.0,4.0
249,1164,137,467,USA,Tennessee,Temperate,,,LUC,Switchgrass,grass,bioenergy,YES,annual_crop,2,1,15.0,1397.0,35.5175,-86.5804,3.0,,0.0,30.0,15.0,,,,,,7.65,,0.0,30.0,15.0,,,,,,7.33,-0.3200000000000003,4.365620736698503,1.0,4.0
250,1165,137,468,USA,Tennessee,Temperate,,,LUC,Switchgrass,grass,bioenergy,YES,annual_crop,2,1,15.0,1397.0,35.5175,-86.5804,3.0,,0.0,30.0,15.0,,,,,,7.87,,0.0,30.0,15.0,,,,,,6.04,-1.83,30.29801324503311,1.0,4.0
251,1166,137,469,USA,Tennessee,Temperate,,,LUC,Switchgrass,grass,bioenergy,YES,grassland,2,1,15.0,1397.0,35.5175,-86.5804,3.0,,0.0,30.0,15.0,,,,,,9.89,,0.0,30.0,15.0,,,,,,9.97,0.08,-0.8024072216649957,-1.0,2.0
252,1167,137,470,USA,Tennessee,Temperate,,,LUC,Switchgrass,grass,bioenergy,YES,annual_crop,2,1,15.0,1397.0,35.5175,-86.5804,3.0,,0.0,30.0,15.0,,,,,,8.84,,0.0,30.0,15.0,,,,,,7.72,-1.12,14.50777202072539,1.0,4.0
253,1168,137,471,USA,Tennessee,Temperate,,,LUC,Switchgrass,grass,bioenergy,YES,annual_crop,1,1,15.0,1397.0,35.5175,-86.5804,3.0,,0.0,30.0,15.0,,,,,,7.35,,0.0,30.0,15.0,,,,,,8.17,0.8200000000000003,-10.036719706242351,1.0,4.0
254,1174,138,472,USA,Nebraska,Temperate,,,LUC,Switchgrass,grass,bioenergy,YES,annual_crop,1,1,9.0,570.0,41.4925,-99.9018,9.0,,0.0,30.0,15.0,,,,,,15.01,,0.0,30.0,15.0,,,,,,12.51,-2.5,19.984012789768187,1.0,4.0
255,1175,138,473,USA,Nebraska,Temperate,,,LUC,Switchgrass,grass,bioenergy,YES,annual_crop,1,1,9.0,570.0,41.4925,-99.9018,9.0,,0.0,30.0,15.0,,,,,,19.61,,0.0,30.0,15.0,,,,,,12.51,-7.1,56.75459632294165,1.0,4.0
256,1176,138,474,USA,Nebraska,Temperate,,,LUC,Switchgrass,grass,bioenergy,YES,annual_crop,1,1,9.0,570.0,41.4925,-99.9018,9.0,,0.0,30.0,15.0,,,,,,17.81,,0.0,30.0,15.0,,,,,,12.51,-5.299999999999999,42.36610711430854,1.0,4.0
257,1177,139,475,USA,Alabama,Temperate,,,LUC,Switchgrass,grass,bioenergy,YES,annual_crop,1,1,18.0,1356.0,32.3182,-86.9023,2.0,,0.0,30.0,15.0,,,,,,28.44,,0.0,30.0,15.0,,,,,,17.63,-10.810000000000002,61.31593874078277,1.0,4.0
258,1178,140,476,Canada,Quebec,Temperate,,,LUC,Switchgrass,grass,bioenergy,YES,annual_crop,2,1,5.0,1259.0,46.8139,-71.208,3.0,,0.0,30.0,15.0,,,,,,67.09,,0.0,30.0,15.0,,,,,,77.82,10.72999999999999,-13.7882292469802,1.0,4.0
259,1179,140,477,Canada,Quebec,Temperate,,,LUC,Switchgrass,grass,bioenergy,YES,annual_crop,2,1,5.0,1259.0,46.8139,-71.208,3.0,,0.0,30.0,15.0,,,,,,83.19,,0.0,30.0,15.0,,,,,,75.14,-8.049999999999997,10.713335107798772,1.0,4.0
260,1182,141,478,USA,Washington_Kanlow,Temperate,,,LUC,Switchgrass,grass,bioenergy,YES,annual_crop,2,1,10.0,1052.0,48.769768,-122.485886,2.0,,0.0,30.0,15.0,,,,,,10.71,,0.0,30.0,15.0,,,,,,9.17,-1.540000000000001,16.793893129771003,1.0,4.0
261,1183,141,479,USA,Washington_Shawnee,Temperate,,,LUC,Switchgrass,grass,bioenergy,YES,annual_crop,2,1,16.0,1087.0,35.0,-96.0,2.0,,0.0,30.0,15.0,,,,,,10.93,,0.0,30.0,15.0,,,,,,9.17,-1.7599999999999998,19.193020719738275,1.0,4.0
262,1184,141,480,USA,Washington_CaveinRock,Temperate,,,LUC,Switchgrass,grass,bioenergy,YES,annual_crop,2,1,14.0,1191.0,37.5,-88.0,2.0,,0.0,30.0,15.0,,,,,,10.73,,0.0,30.0,15.0,,,,,,9.17,-1.5600000000000005,17.01199563794984,1.0,4.0
263,1188,142,481,USA,Iowa,Temperate,,,LUC,Switchgrass,grass,bioenergy,YES,annual_crop,1,1,9.0,864.0,41.878,-93.0977,10.0,,0.0,30.0,15.0,,,,,,67.0,,0.0,30.0,15.0,,,,,,43.7,-23.3,53.31807780320366,1.0,4.0
264,1189,142,482,USA,Iowa,Temperate,,,LUC,Switchgrass,grass,bioenergy,YES,grassland,1,1,9.0,864.0,41.878,-93.0977,10.0,,0.0,30.0,15.0,,,,,,67.0,,0.0,30.0,15.0,,,,,,80.3,13.299999999999995,-16.56288916562889,-1.0,2.0
265,1190,143,483,UK,Wales,Temperate,,,LUC,Miscanthus,grass,bioenergy,YES,grassland,1,1,8.0,1830.0,52.1307,-3.7837,6.0,,0.0,30.0,15.0,,,,,,70.8,,0.0,30.0,15.0,,,,,,78.8,8.0,-10.152284263959393,-1.0,2.0
266,1191,144,484,USA,Illinois,Temperate,,,LUC,Miscanthus,grass,bioenergy,YES,grassland,1,1,10.0,968.0,40.6331,-89.3985,4.0,,0.0,30.0,15.0,1.3,,,,,53.44,,0.0,30.0,15.0,1.3,,,,,50.12,-3.3200000000000003,6.624102154828412,-1.0,2.0
267,1192,144,485,USA,Kentucky,Temperate,,,LUC,Miscanthus,grass,bioenergy,YES,grassland,1,1,13.0,1165.0,37.8393,-84.27,4.0,,0.0,30.0,15.0,1.3,,,,,70.55,,0.0,30.0,15.0,1.3,,,,,70.68,0.1300000000000096,-0.1839275608375914,-1.0,2.0
268,1193,144,486,USA,Nebraska,Temperate,,,LUC,Miscanthus,grass,bioenergy,YES,grassland,1,1,9.0,570.0,41.4925,-99.9018,4.0,,0.0,30.0,15.0,1.3,,,,,83.03,,0.0,30.0,15.0,1.3,,,,,82.72,-0.3100000000000023,0.3747582205029041,-1.0,2.0
269,1194,144,487,USA,New_Jersey,Temperate,,,LUC,Miscanthus,grass,bioenergy,YES,grassland,1,1,12.0,1151.0,40.0583,-74.4057,4.0,,0.0,30.0,15.0,1.3,,,,,61.78,,0.0,30.0,15.0,1.3,,,,,54.75,-7.030000000000001,12.840182648401829,-1.0,2.0
270,1195,145,488,Italy,Bologna,Mediterranean,,,LUC,Miscanthus,grass,bioenergy,YES,grassland,1,1,14.0,730.0,44.4949,11.3426,7.0,,0.0,30.0,15.0,,,,,,43.99,,0.0,30.0,15.0,,,,,,33.33,-10.660000000000004,31.983198319831995,-1.0,2.0
271,1196,145,489,Italy,Bologna,Mediterranean,,,LUC,Miscanthus,grass,bioenergy,YES,grassland,1,1,14.0,730.0,44.4949,11.3426,7.0,,0.0,40.0,20.0,,,,,,93.84,,0.0,40.0,20.0,,,,,,82.31,-11.53,14.00801846677196,-1.0,2.0
361,1322,149,591,italy,Viterbo,Mediterranean,,Chromic_Luvisol,LUC,Poplar,woody,SRC,YES,annual_crop,1,6,13.76,766.0,44.366,12.016,2.0,2013.0,0.0,15.0,7.5,1.12,,,,6.66,11.69,0.15,0.0,15.0,7.5,1.12,,,,5.88,16.03,4.340000000000002,-27.07423580786027,2.0,5.0
362,1323,149,592,italy,Viterbo,Mediterranean,,Chromic_Luvisol,LUC,Poplar,woody,SRC,YES,annual_crop,1,6,13.76,766.0,44.366,12.016,2.0,2013.0,0.0,15.0,7.5,1.02,,,,6.69,14.03,2.79,0.0,15.0,7.5,1.02,,,,5.88,16.03,2.0000000000000018,-12.476606363069257,2.0,5.0
363,1324,150,593,Brazil,Paraipaba,Tropical,,Quartzipsamment,LUC,Banana,palm,food,YES,natural_forest,2,3,26.7,998.0,-3.4384,-39.1482,2.0,,10.0,30.0,20.0,,,,,7.55,9.05,,10.0,30.0,20.0,,10.5,4.0,85.5,,13.55,4.5,-33.21033210332104,-3.0,1.0
364,1325,150,594,Brazil,Paraipaba,Tropical,,Quartzipsamment,LUC,Cashew,woody,food,YES,natural_forest,2,3,26.7,998.0,-3.4384,-39.1482,6.0,,10.0,30.0,20.0,,,,,6.25,8.8,,10.0,30.0,20.0,,10.5,4.0,85.5,,13.55,4.75,-35.055350553505534,-3.0,1.0
365,1326,150,595,Brazil,Paraipaba,Tropical,,Quartzipsamment,LUC,Guava,woody,food,YES,natural_forest,2,3,26.7,998.0,-3.4384,-39.1482,6.0,,10.0,30.0,20.0,,,,,5.699999999999999,10.3,,10.0,30.0,20.0,,10.5,4.0,85.5,,13.55,3.25,-23.985239852398525,-3.0,1.0
366,1327,150,596,Brazil,Paraipaba,Tropical,,Quartzipsamment,LUC,Annona,woody,food,YES,natural_forest,2,3,26.7,998.0,-3.4384,-39.1482,6.0,,10.0,30.0,20.0,,,,,6.75,11.15,,10.0,30.0,20.0,,10.5,4.0,85.5,,13.55,2.400000000000002,-17.712177121771234,-3.0,1.0
367,1328,150,597,Brazil,Paraipaba,Tropical,,Quartzipsamment,LUC,Mango,woody,food,YES,natural_forest,2,3,26.7,998.0,-3.4384,-39.1482,6.0,,10.0,30.0,20.0,,,,,5.55,8.65,,10.0,30.0,20.0,,10.5,4.0,85.5,,13.55,4.9,-36.16236162361624,-3.0,1.0
368,1329,150,598,Brazil,Paraipaba,Tropical,,Quartzipsamment,LUC,Manilkara,woody,food,YES,natural_forest,2,3,26.7,998.0,-3.4384,-39.1482,6.0,,10.0,30.0,20.0,,,,,5.949999999999999,9.8,,10.0,30.0,20.0,,10.5,4.0,85.5,,13.55,3.75,-27.675276752767523,-3.0,1.0
369,1336,151,599,Brazil,Unai,Tropical,Clay_sediments,Haplustox,LUC,Eucalyptus,woody,SRC,YES,natural_forest,2,3,22.5,1440.0,-16.3597,-46.9028,14.0,2003.0,10.0,30.0,10.0,,,,,,31.6,,10.0,30.0,10.0,,47.1,20.9,32.0,5.15,28.9,-2.700000000000003,9.342560553633229,-2.0,1.0
370,1338,151,600,Brazil,J_Pinheiro,Tropical,Loamy_sediments,Haplustox,LUC,Eucalyptus,woody,SRC,YES,natural_forest,2,3,22.5,1440.0,-17.7405,-46.1742,14.0,2003.0,10.0,30.0,20.0,,,,,4.6,27.7,,10.0,30.0,20.0,,34.25,1.25,64.5,4.65,23.25,-4.449999999999999,19.13978494623656,-2.0,1.0
371,1339,151,601,Brazil,J_Pinheiro,Tropical,Sandy_sediments,Haplustox,LUC,Eucalyptus,woody,SRC,YES,natural_forest,2,3,22.5,1440.0,-17.7405,-46.1742,14.0,2003.0,10.0,30.0,20.0,,,,,4.4,21.8,,10.0,30.0,20.0,,11.15,0.0,88.85,4.4,17.95,-3.8500000000000014,21.448467966573823,-2.0,1.0
372,1342,152,602,Brazil,S._Sebastiao_Paraiso,Tropical,Basalt,Rhodic_Acrudox,LUC,Coffee,woody,food,YES,natural_forest,1,1,20.8,1470.0,-20.9172,-46.9841,14.0,2009.0,0.0,30.0,15.0,,,,,6.7,37.8,,0.0,30.0,15.0,,57.0,23.0,20.0,,37.4,-0.3999999999999986,1.0695187165775364,-3.0,1.0
373,1343,152,603,Brazil,S._Sebastiao_Paraiso,Tropical,Basalt,Rhodic_Acrudox,LUC,Coffee,woody,food,YES,natural_forest,1,1,20.8,1470.0,-20.9172,-46.9841,14.0,2009.0,0.0,30.0,15.0,,,,,5.2,24.5,,0.0,30.0,15.0,,57.0,23.0,20.0,,37.4,12.9,-34.49197860962567,-3.0,1.0
374,1344,152,604,Brazil,S._Sebastiao_Paraiso,Tropical,Basalt,Rhodic_Acrudox,LUC,Coffee,woody,food,YES,natural_forest,1,1,20.8,1470.0,-20.9172,-46.9841,14.0,2009.0,0.0,30.0,15.0,,,,,6.6,29.1,,0.0,30.0,15.0,,57.0,23.0,20.0,,37.4,8.299999999999997,-22.192513368983956,-3.0,1.0
375,1345,153,605,Brazil,S._Sebastiao_Paraiso,Tropical,Basalt,Rhodic_Acrudox,LUC,Coffee,woody,food,YES,natural_forest,2,3,20.8,1470.0,-20.9172,-46.9841,10.0,2010.0,10.0,30.0,20.0,,,,,5.9,53.3,,10.0,30.0,20.0,,46.0,28.0,26.0,,60.75,7.450000000000003,-12.263374485596712,-3.0,1.0
376,1346,153,606,Brazil,S._Sebastiao_Paraiso,Tropical,Basalt,Rhodic_Acrudox,LUC,Coffee,woody,food,YES,natural_forest,2,3,20.8,1470.0,-20.9172,-46.9841,10.0,2010.0,10.0,30.0,20.0,,,,,5.199999999999999,53.900000000000006,,10.0,30.0,20.0,,46.0,28.0,26.0,,60.75,6.849999999999994,-11.275720164609044,-3.0,1.0
377,1349,154,607,Brazil,Campo_Belo,Tropical,Gneiss,Hapludult,LUC,Coffee,woody,food,YES,natural_forest,2,1,22.3,1250.0,-20.8938,-45.2721,12.0,2011.0,10.0,30.0,20.0,,48.35,7.5,44.0,6.5,41.15,,10.0,30.0,20.0,,60.0,11.5,28.5,5.45,44.05,2.8999999999999986,-6.58342792281498,-3.0,1.0
378,1350,154,608,Brazil,Campo_Belo,Tropical,Gneiss,Hapludult,LUC,Cedar,woody,food,YES,natural_forest,2,1,22.3,1250.0,-20.8938,-45.2721,7.0,2011.0,10.0,30.0,20.0,,38.35,8.5,53.15,6.65,38.55,,10.0,30.0,20.0,,60.0,11.5,28.5,5.7,44.05,5.5,-12.485811577752555,-3.0,1.0
379,1351,154,609,Brazil,Campo_Belo,Tropical,Gneiss,Hapludult,LUC,Coffee,woody,food,YES,natural_forest,2,1,22.3,1250.0,-20.8938,-45.2721,25.0,2011.0,10.0,30.0,20.0,,46.5,9.5,44.0,5.35,33.05,,10.0,30.0,20.0,,52.0,8.0,40.0,5.45,53.1,20.050000000000004,-37.75894538606404,-3.0,1.0
380,1352,154,610,Brazil,Campo_Belo,Tropical,Gneiss,Hapludult,LUC,Cedar,woody,SRC,YES,natural_forest,2,1,22.3,1250.0,-20.8938,-45.2721,7.0,2011.0,10.0,30.0,20.0,,47.5,9.0,43.5,5.95,39.85,,10.0,30.0,20.0,,52.0,8.0,40.0,5.7,53.1,13.25,-24.95291902071563,-2.0,1.0
381,1357,155,611,Brazil,Monte_Verde,Tropical,Gneiss,Udult,LUC,Pinus,woody,SRC,YES,natural_forest,2,1,16.3,1.642,-15.3239,-54.8731,7.0,2010.0,10.0,30.0,20.0,,46.0,11.0,43.0,5.199999999999999,76.75,,10.0,30.0,20.0,,33.0,15.5,51.5,4.949999999999999,66.75,-10.0,14.9812734082397,-2.0,1.0
382,1358,155,612,Brazil,Monte_Verde,Tropical,Gneiss,Udult,LUC,Araucaria,woody,SRC,YES,natural_forest,2,1,16.3,1.642,-15.3239,-54.8731,30.0,2010.0,10.0,30.0,20.0,,42.5,12.0,45.5,4.949999999999999,101.2,,10.0,30.0,20.0,,33.0,15.5,51.5,4.949999999999999,66.75,-34.44999999999999,51.61048689138576,-2.0,1.0
383,1359,155,613,Brazil,Monte_Verde,Tropical,Gneiss,Udult,LUC,Eucalyptus,woody,SRC,YES,secondary_forest,2,1,16.3,1.642,-15.3239,-54.8731,6.0,2010.0,10.0,30.0,20.0,,39.5,14.0,46.5,5.15,67.05,,10.0,30.0,20.0,,33.0,15.5,51.5,4.949999999999999,66.75,-0.2999999999999971,0.4494382022471867,-1.0,2.0
384,1363,156,614,Brazil,Presidente_Olegario,Tropical,,,LUC,Coffee,woody,food,YES,grassland,3,18,22.0,1500.0,-18.4101,-46.4169,8.0,2005.0,0.0,20.0,10.0,0.765,,,,,66.08,,0.0,20.0,10.0,0.81,,,,,61.44,-4.640000000000001,7.552083333333334,-1.0,2.0
385,1366,156,615,Brazil,Presidente_Olegario,Tropical,,,LUC,Coffee,woody,food,YES,grassland,3,18,22.0,1500.0,-18.4101,-46.4169,21.0,2005.0,0.0,20.0,10.0,0.815,,,,,63.615,,0.0,20.0,10.0,0.81,,,,,61.44,-2.174999999999997,3.540039062499996,-1.0,2.0
386,1369,156,616,Brazil,Presidente_Olegario,Tropical,,,LUC,Coffee,woody,food,YES,grassland,3,18,22.0,1500.0,-18.4101,-46.4169,17.0,2005.0,0.0,20.0,10.0,0.8200000000000001,,,,,71.325,,0.0,20.0,10.0,0.81,,,,,61.44,-9.885000000000003,16.088867187500007,-1.0,2.0
387,1372,156,617,Brazil,Presidente_Olegario,Tropical,,,LUC,Coffee,woody,food,YES,grassland,3,18,22.0,1500.0,-18.4101,-46.4169,35.0,2005.0,0.0,20.0,10.0,0.79,,,,,66.75,,0.0,20.0,10.0,0.81,,,,,61.44,-5.310000000000002,8.642578125000004,-1.0,2.0
388,1378,156,619,Brazil,Manhumirim,Tropical,,,LUC,Coffee,woody,food,YES,grassland,3,18,22.0,1500.0,-20.3597,-41.9589,6.0,2005.0,0.0,20.0,10.0,0.885,,,,,67.37,,0.0,20.0,10.0,1.07,,,,,62.945,-4.425000000000004,7.029946778933997,-1.0,2.0
389,1381,156,620,Brazil,Manhumirim,Tropical,,,LUC,Coffee,woody,food,YES,grassland,3,18,22.0,1500.0,-20.3597,-41.9589,35.0,2005.0,0.0,20.0,10.0,0.725,,,,,69.415,,0.0,20.0,10.0,1.07,,,,,62.945,-6.470000000000006,10.278814838350952,-1.0,2.0
390,1384,156,621,Brazil,Manhumirim,Tropical,,,LUC,Coffee,woody,food,YES,grassland,3,18,22.0,1500.0,-20.3597,-41.9589,40.0,2005.0,0.0,20.0,10.0,0.865,,,,,56.56,,0.0,20.0,10.0,1.07,,,,,62.945,6.384999999999998,-10.143776312653902,-1.0,2.0
391,1387,156,622,Brazil,Manhumirim,Tropical,,,LUC,Coffee,woody,food,YES,grassland,3,18,22.0,1500.0,-20.3597,-41.9589,40.0,2005.0,0.0,20.0,10.0,0.96,,,,,33.595,,0.0,20.0,10.0,1.07,,,,,62.945,29.35,-46.628008578918106,-1.0,2.0
392,1393,156,624,Brazil,Sao_Tomas_de_Aquino,Tropical,,,LUC,Coffee,woody,food,YES,grassland,3,18,22.0,1500.0,-20.7987,-47.0972,10.0,2005.0,0.0,20.0,10.0,0.87,,,,,41.7,,0.0,20.0,10.0,0.985,,,,,49.715,8.015,-16.121894800362064,-1.0,2.0
393,1396,156,625,Brazil,Sao_Tomas_de_Aquino,Tropical,,,LUC,Coffee,woody,food,YES,grassland,3,18,22.0,1500.0,-20.7987,-47.0972,25.0,2005.0,0.0,20.0,10.0,0.88,,,,,41.66,,0.0,20.0,10.0,0.985,,,,,49.715,8.055,-16.202353414462433,-1.0,2.0
394,1399,156,626,Brazil,Sao_Tomas_de_Aquino,Tropical,,,LUC,Coffee,woody,food,YES,grassland,3,18,22.0,1500.0,-20.7987,-47.0972,59.0,2005.0,0.0,20.0,10.0,0.95,,,,,44.69500000000001,,0.0,20.0,10.0,0.985,,,,,49.715,5.019999999999996,-10.097556069596694,-1.0,2.0
395,1402,156,627,Brazil,Sao_Tomas_de_Aquino,Tropical,,,LUC,Coffee,woody,food,YES,grassland,3,18,22.0,1500.0,-20.7987,-47.0972,37.0,2005.0,0.0,20.0,10.0,1.0750000000000002,,,,,45.74,,0.0,20.0,10.0,0.985,,,,,49.715,3.975000000000009,-7.995574776224496,-1.0,2.0
396,1516,158,665,USA,North_dakota,Temperate,,,LUC,Poplar,woody,SRC,YES,grassland,1,5,5.0,438.0,47.551,-101.0,18.0,,0.0,30.0,15.0,,,,,,89.0,,0.0,30.0,15.0,,,,,,91.0,2.0,-2.197802197802198,0.0,3.0
397,1517,159,666,PuertoRico,Toa_Baja,Tropical,Calcareous_marine_origin,,LUC,Eucalyptus,woody,SRC,YES,fallow,1,9,25.6,160.0,18.4,-66.2,4.0,,0.0,40.0,20.0,1.1,,,,7.9,50.19,,0.0,40.0,20.0,1.19,,,,7.71,64.87,14.680000000000009,-22.629875134885165,2.0,5.0
398,1518,159,667,PuertoRico,Toa_Baja,Tropical,Calcareous_marine_origin,,LUC,Casuarina,woody,SRC,YES,fallow,1,9,25.6,160.0,18.4,-66.2,4.0,,0.0,30.0,15.0,1.1,,,,7.9,45.89,,0.0,30.0,15.0,1.19,,,,7.71,64.87,18.980000000000004,-29.258517034068134,2.0,5.0
399,1519,159,668,PuertoRico,Toa_Baja,Tropical,Calcareous_marine_origin,,LUC,Eucalyptus,woody,SRC,YES,fallow,1,9,25.6,160.0,18.4,-66.2,4.0,,0.0,30.0,15.0,1.1,,,,7.9,50.03,,0.0,30.0,15.0,1.19,,,,7.71,64.87,14.840000000000003,-22.876522275319875,2.0,5.0
400,1520,160,669,Canada,Ontario,Temperate,,Albic_Luvisols,LUC,Poplar,woody,SRC,YES,annual_crop,1,24,7.2,830.0,43.541,-80.208,13.0,,0.0,20.0,10.0,,,,,,108.96,,0.0,20.0,10.0,,,,,7.4,90.22,-18.739999999999995,20.771447572600305,2.0,5.0
401,1521,161,670,Canada,Ontario,Temperate,,Albic_Luvisols,LUC,Spruce,woody,SRC,YES,annual_crop,1,24,7.2,830.0,43.541,-80.208,13.0,,0.0,30.0,15.0,,,,,,91.61,,0.0,30.0,15.0,,,,,7.4,90.22,-1.3900000000000006,1.5406783418310803,2.0,5.0
402,1522,162,671,Tanzania,Mkundi,Arid,Kaolinitic,Entisol,LUC,Acacia,woody,SRC,YES,fallow,1,3,24.0,800.0,-6.666,37.65,5.0,,0.0,15.0,7.5,1.35,,,,6.7,15.7,,0.0,15.0,7.5,1.35,,,,6.7,16.98,1.2800000000000011,-7.538280329799771,2.0,5.0
403,1523,163,672,Tanzania,Mkundi,Arid,Kaolinitic,Entisol,LUC,Acacia,woody,SRC,YES,fallow,1,3,24.0,800.0,-6.666,37.65,5.0,,0.0,15.0,7.5,1.35,,,,6.7,24.41,,0.0,15.0,7.5,1.35,,,,6.7,16.98,-7.43,43.75736160188456,2.0,5.0
404,1524,164,673,Tanzania,Mkundi,Arid,Kaolinitic,Entisol,LUC,Acacia,woody,SRC,YES,fallow,1,3,24.0,800.0,-6.666,37.65,5.0,,0.0,15.0,7.5,1.35,,,,6.7,20.6,,0.0,15.0,7.5,1.35,,,,6.7,16.98,-3.620000000000001,21.319199057714965,2.0,5.0
405,1525,165,674,Tanzania,Mkundi,Arid,Kaolinitic,Entisol,LUC,Acacia,woody,SRC,YES,fallow,1,3,24.0,800.0,-6.666,37.65,5.0,,0.0,15.0,7.5,1.35,,,,6.7,17.93,,0.0,15.0,7.5,1.35,,,,6.7,16.98,-0.9499999999999992,5.594817432273258,2.0,5.0
406,1526,166,675,Tanzania,Mkundi,Arid,Kaolinitic,Entisol,LUC,Acacia,woody,SRC,YES,fallow,1,3,24.0,800.0,-6.666,37.65,5.0,,0.0,15.0,7.5,1.35,,,,6.7,21.65,,0.0,15.0,7.5,1.35,,,,6.7,16.98,-4.669999999999998,27.502944640753817,2.0,5.0
407,1527,167,676,Tanzania,Mkundi,Arid,Kaolinitic,Entisol,LUC,Acacia,woody,SRC,YES,annual_crop,1,3,24.0,800.0,-6.666,37.65,5.0,,0.0,15.0,7.5,1.35,,,,6.7,15.7,,0.0,15.0,7.5,1.35,,,,6.7,12.4,-3.299999999999999,26.612903225806445,2.0,5.0
408,1528,168,677,Tanzania,Mkundi,Arid,Kaolinitic,Entisol,LUC,Acacia,woody,SRC,YES,annual_crop,1,3,24.0,800.0,-6.666,37.65,5.0,,0.0,15.0,7.5,1.35,,,,6.7,24.41,,0.0,15.0,7.5,1.35,,,,6.7,12.4,-12.01,96.8548387096774,2.0,5.0
409,1529,169,678,Tanzania,Mkundi,Arid,Kaolinitic,Entisol,LUC,Acacia,woody,SRC,YES,annual_crop,1,3,24.0,800.0,-6.666,37.65,5.0,,0.0,15.0,7.5,1.35,,,,6.7,20.6,,0.0,15.0,7.5,1.35,,,,6.7,12.4,-8.200000000000001,66.12903225806453,2.0,5.0
410,1530,170,679,Tanzania,Mkundi,Arid,Kaolinitic,Entisol,LUC,Acacia,woody,SRC,YES,annual_crop,1,3,24.0,800.0,-6.666,37.65,5.0,,0.0,15.0,7.5,1.35,,,,6.7,17.93,,0.0,15.0,7.5,1.35,,,,6.7,12.4,-5.529999999999999,44.596774193548384,2.0,5.0
411,1531,171,680,Tanzania,Mkundi,Arid,Kaolinitic,Entisol,LUC,Acacia,woody,SRC,YES,annual_crop,1,3,24.0,800.0,-6.666,37.65,5.0,,0.0,15.0,7.5,1.35,,,,6.7,21.65,,0.0,15.0,7.5,1.35,,,,6.7,12.4,-9.249999999999998,74.59677419354837,2.0,5.0
412,1532,172,681,Costa_rica,Talamanca,Tropical,,Entisol,LUC,Cocoa,woody,food,YES,grassland,1,3,25.8,2370.0,9.416,-83.0,30.0,,0.0,10.0,5.0,,,,,,30.25,,0.0,10.0,5.0,,,,,,22.91,-7.34,32.038411174159755,-1.0,2.0
413,1533,173,682,Costa_rica,Talamanca,Tropical,,Entisol,LUC,Cocoa,woody,food,YES,grassland,1,3,25.8,2370.0,9.416,-83.0,30.0,,0.0,10.0,5.0,,,,,,31.19,,0.0,10.0,5.0,,,,,,22.91,-8.280000000000001,36.14142295940638,-1.0,2.0
414,1534,174,683,Costa_rica,Talamanca,Tropical,,Entisol,LUC,Cocoa,woody,food,YES,grassland,1,3,25.8,2370.0,9.416,-83.0,34.0,,0.0,10.0,5.0,,,,,,77.5,,0.0,10.0,5.0,,,,,,22.91,-54.59,238.28022697512003,-1.0,2.0
415,1535,175,684,Ethiopia,Rift_Valley,Arid,Tertiary_volcanic,,LUC,Woodlot,woody,SRC,YES,annual_crop,1,3,16.0,768.0,12.5,39.5,31.0,,0.0,10.0,5.0,,,,,,6.76,,0.0,10.0,5.0,,,,,,6.28,-0.4799999999999995,7.643312101910821,2.0,5.0
416,1541,177,690,Australia,Dryandra,Mediterranean,,Natrixeralfs,LUC,Eucalyptus,woody,SRC,YES,annual_crop,1,5,16.0,509.0,-32.761,116.98,26.0,2002.0,0.0,30.0,15.0,1.67,,,,4.93,52.0,4.16,0.0,30.0,15.0,1.67,,,,4.93,45.5,-6.5,14.285714285714285,2.0,5.0
417,1542,177,691,Australia,Dryandra,Mediterranean,,Natrixeralfs,LUC,Eucalyptus,woody,SRC,YES,annual_crop,1,5,16.0,509.0,-32.761,116.98,26.0,2002.0,0.0,30.0,15.0,1.67,,,,4.93,56.0,14.0,0.0,30.0,15.0,1.67,,,,4.93,45.5,-10.5,23.07692307692308,2.0,5.0
418,1543,177,692,Australia,Dryandra,Mediterranean,,Natrixeralfs,LUC,Eucalyptus,woody,SRC,YES,annual_crop,1,5,16.0,509.0,-32.761,116.98,26.0,2002.0,0.0,30.0,15.0,1.67,,,,4.93,45.0,6.75,0.0,30.0,15.0,1.67,,,,4.93,45.5,0.5,-1.098901098901099,2.0,5.0
419,1544,177,693,Australia,Dryandra,Mediterranean,,Natrixeralfs,LUC,Eucalyptus,woody,SRC,YES,annual_crop,1,5,16.0,509.0,-32.761,116.98,26.0,2002.0,0.0,30.0,15.0,1.67,,,,4.93,46.0,17.94,0.0,30.0,15.0,1.67,,,,4.93,45.5,-0.5,1.098901098901099,2.0,5.0
420,1545,177,694,Australia,Popanyinning,Mediterranean,,Natrixeralfs,LUC,Eucalyptus,woody,SRC,YES,annual_crop,1,5,16.0,442.0,-32.6455,117.25,26.0,2002.0,0.0,30.0,15.0,1.98,,,,4.88,39.0,3.12,0.0,30.0,15.0,1.98,,,,4.88,42.0,3.0,-7.142857142857142,2.0,5.0
421,1546,177,695,Australia,Popanyinning,Mediterranean,,Natrixeralfs,LUC,Eucalyptus,woody,SRC,YES,annual_crop,1,5,16.0,442.0,-32.6455,117.25,26.0,2002.0,0.0,30.0,15.0,1.98,,,,4.88,40.0,10.0,0.0,30.0,15.0,1.98,,,,4.88,42.0,2.0,-4.761904761904762,2.0,5.0
422,1547,177,696,Australia,Popanyinning,Mediterranean,,Natrixeralfs,LUC,Eucalyptus,woody,SRC,YES,annual_crop,1,5,16.0,442.0,-32.6455,117.25,26.0,2002.0,0.0,30.0,15.0,1.98,,,,4.88,37.5,5.63,0.0,30.0,15.0,1.98,,,,4.88,42.0,4.5,-10.714285714285714,2.0,5.0
423,1548,177,697,Australia,Popanyinning,Mediterranean,,Natrixeralfs,LUC,Eucalyptus,woody,SRC,YES,annual_crop,1,5,16.0,442.0,-32.6455,117.25,26.0,2002.0,0.0,30.0,15.0,1.98,,,,4.88,44.0,17.16,0.0,30.0,15.0,1.98,,,,4.88,42.0,-2.0,4.761904761904762,2.0,5.0
425,1550,178,699,Australia,Monarto,Temperate,,,LUC,Atriplex,woody,livestockfood,YES,grassland,2,6,16.0,368.0,-35.717,139.848,4.0,,0.0,30.0,15.0,,,,,,45.39,,0.0,30.0,15.0,,,,,,43.44,-1.9500000000000028,4.4889502762431,-1.0,2.0
426,1552,178,700,Australia,Waikerie,Temperate,,,LUC,Atriplex,woody,livestockfood,YES,grassland,2,6,17.0,248.0,-32.433,117.394,4.0,,0.0,30.0,15.0,,,,,,14.65,,0.0,30.0,15.0,,,,,,15.39,0.7400000000000002,-4.8083170890188445,-1.0,2.0
427,1554,178,701,Australia,Wickepin,Temperate,,,LUC,Atriplex,woody,livestockfood,YES,grassland,2,24,17.0,2000.0,-32.433,117.394,13.0,,0.0,30.0,15.0,,,,,,27.67,,0.0,30.0,15.0,,,,,,27.91,0.2399999999999984,-0.8599068434252901,-1.0,2.0
428,1556,179,702,India,Karnal,Tropical,,Typic_Natrustalf,LUC,Mango,woody,food,YES,annual_crop,7,3,24.0,735.0,29.716,76.97,34.0,,10.0,30.0,20.0,1.59,17.845,24.105,,7.26,15.35,,10.0,30.0,20.0,1.585,17.785,27.12,,7.745,15.75,0.4000000000000003,-2.539682539682542,1.0,4.0
429,1563,179,703,India,Karnal,Tropical,,Typic_Natrustalf,LUC,Guava,woody,food,YES,annual_crop,7,3,24.0,735.0,29.716,76.97,31.0,,10.0,30.0,20.0,1.515,16.275,24.945,,7.465,23.35,,10.0,30.0,20.0,1.585,17.785,27.12,,7.745,15.75,-7.600000000000001,48.25396825396827,1.0,4.0
430,1570,179,704,India,Karnal,Tropical,,Typic_Natrustalf,LUC,Litchi,woody,food,YES,annual_crop,7,3,24.0,735.0,29.716,76.97,12.0,,10.0,30.0,20.0,1.64,20.51,26.105,,6.77,18.05,,10.0,30.0,20.0,1.585,17.785,27.12,,7.745,15.75,-2.3000000000000007,14.603174603174606,1.0,4.0
431,1577,179,705,India,Karnal,Tropical,,Typic_Natrustalf,LUC,Cloves,woody,food,YES,annual_crop,7,3,24.0,735.0,29.716,76.97,23.0,,10.0,30.0,20.0,1.585,14.76,21.845,,7.359999999999999,18.0,,10.0,30.0,20.0,1.585,17.785,27.12,,7.745,15.75,-2.25,14.285714285714285,1.0,4.0
432,1584,179,706,India,Karnal,Tropical,,Typic_Natrustalf,LUC,Eucalyptus,woody,SRC,YES,annual_crop,7,3,24.0,735.0,29.716,76.97,11.0,,10.0,30.0,20.0,1.47,15.275,25.87,,7.585000000000001,26.85,,10.0,30.0,20.0,1.585,17.785,27.12,,7.745,15.75,-11.1,70.47619047619048,2.0,5.0
433,1591,179,707,India,Karnal,Tropical,,Typic_Natrustalf,LUC,Prosopis,woody,SRC,YES,annual_crop,7,3,24.0,735.0,29.716,76.97,13.0,,10.0,30.0,20.0,1.565,20.635,22.705,,7.564999999999999,14.55,,10.0,30.0,20.0,1.585,17.785,27.12,,7.745,15.75,1.1999999999999993,-7.619047619047614,2.0,5.0
