ID,IDstudy,plotID,country,region,climate,bedrock,soil_type,temperature,precipitation_mm,Latitud,Longitud,year_measure,TYPE_CHANGE,years_since_luc,CROP_current,CROP_type,land_use,N_measured,soil_from_cm,soil_to_cm,depth_midpoint,bulk_density_Mg_m3,%clay,%silt,%sand,ph,SOC_Mg_ha,Period,delta_SOC_Mgha,%delta_SOC,csp_rank,csp_change,luc_rank
1,1,1,Brazil,SaoPaulo,Tropical,Sandstone,Ferralsols,21.0,1500.0,-21.350000000000005,-47.066,2013.0,LUC,3.0,Sugarcane,grass,perennial_grass,20.0,10.0,30.0,20.0,1.3966666666666667,15.5,2.733333333333333,81.8,,21.386666666666667,1,-8.060000000000002,-27.371519130631654,2.0,0.0,3.0
5,1,2,Brazil,SaoPaulo,Tropical,Sandstone,Luvisol,21.0,1500.0,-21.350000000000005,-47.066,2013.0,LUC,4.0,Sugarcane,grass,perennial_grass,20.0,10.0,30.0,20.0,1.28,41.8,10.533333333333331,47.66666666666666,,24.546666666666667,1,-8.283333333333339,-25.23098791755509,2.0,0.0,3.0
9,1,3,Brazil,SaoPaulo,Tropical,Granite,Ferralsols,21.0,1500.0,-21.350000000000005,-47.066,2013.0,LUC,7.0,Sugarcane,grass,perennial_grass,20.0,10.0,30.0,20.0,1.336666666666667,29.6,5.3,65.10000000000001,,30.906666666666663,1,-0.46333333333333826,-1.4769950058442405,2.0,1.0,4.0
13,1,4,Brazil,SaoPaulo,Tropical,Sandstone,Luvisol,21.0,1500.0,-21.350000000000005,-47.066,2013.0,LUC,8.0,Sugarcane,grass,perennial_grass,20.0,10.0,30.0,20.0,1.4,13.033333333333331,8.333333333333334,78.63333333333333,,19.96,1,-5.309999999999999,-21.013058963197462,2.0,-1.0,2.0
26,4,8,New_Zeland,Bay_of_Plenty,Temperate,Volcanic,Mollic_Andosol,14.5,138.0,-37.61599999999999,175.91599999999997,2011.0,LUC,17.0,Kiwi,woody,perennial_woody,3.0,3.345454545454545,4.163636363636363,3.7545454545454544,1.0909090909090908,,,,6.0,90.8818181818182,1,0.009090909090943455,0.010004001600678073,2.0,-1.0,2.0
61,6,15,Germany,Ihinger_Hof,Temperate,,Haplic_Luvisol,9.1,714.0,48.75,8.92,2013.0,LUC,11.0,Miscanthus,grass,perennial_grass,3.0,10.0,20.0,15.0,1.43,22.8,74.8,2.4,7.38,14.166666666666666,1,0.7999999999999989,5.985037406483782,2.0,1.0,4.0
62,6,16,Germany,Ihinger_Hof,Temperate,,Haplic_Luvisol,9.1,714.0,48.75,8.92,2013.0,LUC,11.0,Switchgrass,grass,perennial_grass,3.0,10.0,20.0,15.0,1.3866666666666667,22.8,74.8,2.4,7.38,14.133333333333333,1,0.7666666666666657,5.7356608478802915,2.0,1.0,4.0
63,6,17,Germany,Ihinger_Hof,Temperate,,Haplic_Luvisol,9.1,714.0,48.75,8.92,2013.0,LUC,11.0,Willow,woody,SRC,3.0,10.0,20.0,15.0,1.356666666666667,22.8,74.8,2.4,7.38,15.133333333333333,1,1.7666666666666657,13.21695760598503,3.0,2.0,5.0
76,6,18,Germany,Ihinger_Hof,Temperate,,Haplic_Luvisol,9.1,714.0,48.75,8.92,2013.0,LUC,11.0,Miscanthus,grass,perennial_grass,3.0,10.0,20.0,15.0,1.43,22.8,74.8,2.4,7.38,16.166666666666668,1,2.066666666666668,14.657210401891263,2.0,1.0,4.0
77,6,19,Germany,Ihinger_Hof,Temperate,,Haplic_Luvisol,9.1,714.0,48.75,8.92,2013.0,LUC,11.0,Switchgrass,grass,perennial_grass,3.0,10.0,20.0,15.0,1.3866666666666667,22.8,74.8,2.4,7.38,14.3,1,0.20000000000000107,1.4184397163120643,2.0,1.0,4.0
78,6,20,Germany,Ihinger_Hof,Temperate,,Haplic_Luvisol,9.1,714.0,48.75,8.92,2013.0,LUC,11.0,Willow,woody,SRC,3.0,10.0,20.0,15.0,1.356666666666667,22.8,74.8,2.4,7.38,16.033333333333335,1,1.9333333333333353,13.711583924349895,3.0,2.0,5.0
91,6,21,Germany,Ihinger_Hof,Temperate,,Haplic_Luvisol,9.1,714.0,48.75,8.92,2013.0,LUC,11.0,Miscanthus,grass,perennial_grass,3.0,10.0,20.0,15.0,1.43,22.8,74.8,2.4,7.38,15.9,1,0.9666666666666686,6.473214285714299,2.0,1.0,4.0
92,6,22,Germany,Ihinger_Hof,Temperate,,Haplic_Luvisol,9.1,714.0,48.75,8.92,2013.0,LUC,11.0,Switchgrass,grass,perennial_grass,3.0,10.0,20.0,15.0,1.3866666666666667,22.8,74.8,2.4,7.38,15.4,1,0.46666666666666856,3.1250000000000133,2.0,1.0,4.0
93,6,23,Germany,Ihinger_Hof,Temperate,,Haplic_Luvisol,9.1,714.0,48.75,8.92,2013.0,LUC,11.0,Willow,woody,SRC,3.0,10.0,20.0,15.0,1.356666666666667,22.8,74.8,2.4,7.38,15.766666666666667,1,0.8333333333333357,5.580357142857159,3.0,2.0,5.0
106,7,24,Cameroon,Zoatoupsie,Tropical,,,24.0,1633.0,3.85,11.449999999999998,2011.0,LUC,35.0,Cocoa,woody,perennial_woody,9.0,13.333333333333334,20.0,16.666666666666668,,,,,,11.5,1,-27.06666666666667,-70.18150388936905,2.0,-2.0,1.0
170,10,34,Sri_Lanka,Jaffna,Tropical,,,28.0,1000.0,7.8731,80.77,2003.0,LUC,15.0,Banana,palm,perennial_palm,18.0,0.0,30.0,15.0,1.71,,,,8.21,8.11,1,1.4699999999999998,22.13855421686747,2.0,1.0,4.0
171,10,35,Sri_Lanka,Jaffna,Tropical,,,28.0,1000.0,7.8731,80.77,2003.0,LUC,15.0,Banana,palm,perennial_palm,18.0,0.0,30.0,15.0,1.71,,,,8.21,8.11,1,-11.629999999999999,-58.91590678824722,2.0,-2.0,1.0
172,11,36,India,Madurai,Tropical,,,29.0,812.0,9.9252,78.119,2009.0,LUC,4.0,Jatropha,woody,perennial_woody,5.0,7.5,22.5,15.0,,,,,,12.2,1,-0.3000000000000007,-2.4000000000000057,2.0,-2.0,1.0
174,11,37,Brazil,Belo_Horizonte,Tropical,,,24.0,842.0,-15.1716,-43.8718,2009.0,LUC,2.0,Jatropha,woody,perennial_woody,5.0,7.5,22.5,15.0,,,,,,16.6,1,-17.299999999999997,-51.03244837758112,2.0,-2.0,1.0
228,16,50,Venezuela,Orinoco,Tropical,Sediments_Pleistocene,,26.2,1050.0,9.766,-63.466,2000.0,LUC,17.5,Brachiaria,grass,perennial_grass,50.0,0.0,20.0,10.0,,72.0,12.0,16.0,,229.2,1,0.3499999999999943,0.15293860607384502,2.0,-3.0,1.0
282,20,64,Ireland,Wexford,Temperate,,,10.0,953.0,52.3369,-6.4633,2008.0,LUC,2.0,Miscanthus,grass,perennial_grass,21.0,0.0,30.0,15.0,0.99,3.6,20.7,75.7,6.16,75.12,1,-20.539999999999992,-21.47187957348943,2.0,1.0,4.0
283,20,65,Ireland,Wexford,Temperate,,,10.0,953.0,52.3369,-6.4633,2008.0,LUC,2.0,Miscanthus,grass,perennial_grass,21.0,0.0,30.0,15.0,1.03,4.6,21.9,73.5,5.98,74.54,1,-7.3999999999999915,-9.030998291432745,2.0,1.0,4.0
284,20,66,Ireland,Wexford,Temperate,,,10.0,953.0,52.3369,-6.4633,2008.0,LUC,2.0,Miscanthus,grass,perennial_grass,21.0,0.0,30.0,15.0,0.98,4.7,24.7,70.6,6.89,78.93,1,9.66000000000001,13.945430922477279,2.0,1.0,4.0
285,20,67,Ireland,Wexford,Temperate,,,10.0,953.0,52.3369,-6.4633,2008.0,LUC,2.0,Miscanthus,grass,perennial_grass,21.0,0.0,30.0,15.0,1.04,12.2,34.8,53.0,6.39,74.73,1,5.670000000000002,8.210251954821896,2.0,1.0,4.0
286,20,68,Ireland,Wexford,Temperate,,,10.0,953.0,52.3369,-6.4633,2008.0,LUC,2.0,Miscanthus,grass,perennial_grass,21.0,0.0,30.0,15.0,0.91,11.6,29.9,58.6,6.44,58.9,1,13.530000000000001,29.821467930350455,2.0,1.0,4.0
287,20,69,Ireland,Wexford,Temperate,,,10.0,953.0,52.3369,-6.4633,2008.0,LUC,2.0,Miscanthus,grass,perennial_grass,21.0,0.0,30.0,15.0,1.17,11.5,31.0,57.5,6.29,51.26,1,9.559999999999995,22.92565947242205,2.0,1.0,4.0
288,20,70,Ireland,Wexford,Temperate,,,10.0,953.0,52.3369,-6.4633,2008.0,LUC,2.0,Miscanthus,grass,perennial_grass,21.0,0.0,30.0,15.0,1.11,6.7,26.2,67.2,6.62,59.76,1,15.399999999999999,34.715960324616766,2.0,1.0,4.0
289,20,71,Ireland,Wexford,Temperate,,,10.0,953.0,52.3369,-6.4633,2008.0,LUC,2.0,Miscanthus,grass,perennial_grass,21.0,0.0,30.0,15.0,1.12,4.0,18.2,77.8,5.95,42.91,1,6.229999999999997,16.984732824427475,2.0,1.0,4.0
290,20,72,Ireland,Wexford,Temperate,,,10.0,953.0,52.3369,-6.4633,2008.0,LUC,2.0,Miscanthus,grass,perennial_grass,21.0,0.0,30.0,15.0,1.01,7.1,29.7,63.2,6.37,83.1,1,1.309999999999988,1.6016627949626945,2.0,-1.0,2.0
291,20,73,Ireland,Wexford,Temperate,,,10.0,953.0,52.3369,-6.4633,2008.0,LUC,2.0,Miscanthus,grass,perennial_grass,21.0,0.0,30.0,15.0,1.24,6.8,25.8,67.3,6.02,67.9,1,-4.219999999999999,-5.851358846367164,2.0,-1.0,2.0
292,20,74,Ireland,Wexford,Temperate,,,10.0,953.0,52.3369,-6.4633,2008.0,LUC,2.0,Miscanthus,grass,perennial_grass,21.0,0.0,30.0,15.0,0.96,4.1,18.5,77.4,5.32,74.07,1,0.19999999999998863,0.27074590496817197,2.0,-1.0,2.0
293,20,75,Ireland,Wexford,Temperate,,,10.0,953.0,52.3369,-6.4633,2008.0,LUC,2.0,Miscanthus,grass,perennial_grass,21.0,0.0,30.0,15.0,1.1,3.6,14.9,81.5,5.6,84.92,1,3.4200000000000017,4.19631901840491,2.0,-1.0,2.0
294,20,76,Ireland,Wexford,Temperate,,,10.0,953.0,52.3369,-6.4633,2008.0,LUC,2.0,Miscanthus,grass,perennial_grass,21.0,0.0,30.0,15.0,1.09,4.7,17.0,78.3,6.17,61.4,1,2.460000000000001,4.173736002714627,2.0,-1.0,2.0
295,20,77,Ireland,Wexford,Temperate,,,10.0,953.0,52.3369,-6.4633,2008.0,LUC,2.0,Miscanthus,grass,perennial_grass,21.0,0.0,30.0,15.0,1.08,8.1,27.3,64.7,5.62,107.77,1,-8.39,-7.22279614325069,2.0,-1.0,2.0
296,20,78,Ireland,Wexford,Temperate,,,10.0,953.0,52.3369,-6.4633,2008.0,LUC,2.0,Miscanthus,grass,perennial_grass,21.0,0.0,30.0,15.0,1.02,4.8,19.8,75.5,5.68,67.39,1,-10.120000000000005,-13.05637982195846,2.0,-1.0,2.0
297,20,79,Ireland,Wexford,Temperate,,,10.0,953.0,52.3369,-6.4633,2008.0,LUC,2.0,Miscanthus,grass,perennial_grass,21.0,0.0,30.0,15.0,0.83,9.9,27.1,63.1,6.78,90.25,1,7.140000000000001,8.591023944170377,2.0,-1.0,2.0
312,23,84,France,Grignon,Temperate,,Luvisol,11.5,557.0,48.85,1.966,2011.0,LUC,20.0,Miscanthus,grass,perennial_grass,4.0,15.0,30.0,22.5,1.336666666666667,,,,8.266666666666666,40.833333333333336,1,5.400000000000006,15.239887111947336,2.0,1.0,4.0
327,25,89,USA,Texas,Arid,,,15.0,466.0,33.73404,-101.7387,2010.0,LUC,5.0,Cotton,woody,perennial_woody,15.0,2.5,12.5,7.5,1.23,28.5,29.5,42.0,8.15,10.05,1,-0.5499999999999989,-5.188679245283009,2.0,-1.0,2.0
329,25,90,USA,Texas,Arid,,,15.0,466.0,33.73404,-101.7387,2010.0,LUC,5.0,Cotton,woody,perennial_woody,15.0,2.5,12.5,7.5,1.23,28.5,29.5,42.0,8.15,10.05,1,0.6000000000000014,6.349206349206364,2.0,1.0,4.0
331,25,91,USA,Texas,Arid,,,15.0,466.0,33.73404,-101.7387,2010.0,LUC,5.0,Cotton,woody,perennial_woody,15.0,2.5,12.5,7.5,1.035,28.5,29.5,42.0,7.7,6.7,1,-3.8999999999999995,-36.79245283018868,2.0,-1.0,2.0
333,25,92,USA,Texas,Arid,,,15.0,466.0,33.73404,-101.7387,2010.0,LUC,5.0,Cotton,woody,perennial_woody,15.0,2.5,12.5,7.5,1.035,28.5,29.5,42.0,7.7,6.7,1,-2.749999999999999,-29.100529100529094,2.0,1.0,4.0
350,27,96,Canada,Boisbriand,Boreal,,Melanic_Brunisol,6.8,999.6,45.616,-73.833,2007.0,LUC,1.0,Willow,woody,SRC,54.0,10.0,30.0,20.0,1.45,,,,,63.5,1,7.5,13.392857142857142,3.0,2.0,5.0
352,27,97,Canada,Boisbriand,Boreal,,Melanic_Brunisol,6.8,999.6,45.616,-73.833,2007.0,LUC,1.0,Willow,woody,SRC,54.0,10.0,30.0,20.0,1.45,,,,,63.5,1,5.0,8.547008547008547,3.0,2.0,5.0
354,27,98,Canada,Boisbriand,Boreal,,Melanic_Brunisol,6.8,999.6,45.616,-73.833,2007.0,LUC,2.0,Willow,woody,SRC,54.0,10.0,30.0,20.0,1.37,,,,,55.0,1,-1.0,-1.7857142857142856,3.0,2.0,5.0
356,27,99,Canada,Boisbriand,Boreal,,Melanic_Brunisol,6.8,999.6,45.616,-73.833,2007.0,LUC,2.0,Willow,woody,SRC,54.0,10.0,30.0,20.0,1.37,,,,,55.0,1,-3.5,-5.982905982905983,3.0,2.0,5.0
360,27,101,Canada,Huntingdon,Boreal,,Melanic_Brunisol,6.8,999.6,45.1333,-74.133,2007.0,LUC,9.0,Willow,woody,SRC,30.0,10.0,30.0,20.0,1.56,,,,,84.0,1,24.0,40.0,3.0,2.0,5.0
362,27,102,Canada,Huntingdon,Boreal,,Melanic_Brunisol,6.8,999.6,45.1333,-74.133,2007.0,LUC,9.0,Willow,woody,SRC,30.0,10.0,30.0,20.0,1.56,,,,,84.0,1,5.5,7.006369426751593,3.0,0.0,3.0
364,28,103,Germany,Allendorf,Boreal,,Cambisol,9.0,630.0,51.066,8.73,2011.0,LUC,4.0,Poplar,woody,SRC,4.0,4.333333333333333,14.333333333333334,9.333333333333334,1.4333333333333331,18.2,34.4,47.4,,1.4233333333333331,1,0.2866666666666664,25.219941348973585,3.0,2.0,5.0
368,28,104,Germany,Allendorf,Boreal,,Cambisol,9.0,630.0,51.066,8.73,2011.0,LUC,8.0,Poplar,woody,SRC,4.0,4.333333333333333,14.333333333333334,9.333333333333334,1.4333333333333331,18.2,34.4,47.4,,1.6333333333333335,1,0.15000000000000036,10.112359550561823,3.0,2.0,5.0
372,28,105,Germany,Dornburg,Boreal,,Luvisol,8.8,585.0,51.0,11.65,2011.0,LUC,12.0,Poplar,woody,SRC,4.0,4.333333333333333,14.333333333333334,9.333333333333334,1.3999999999999997,28.0,67.5,4.5,,2.2500000000000004,1,0.38333333333333397,20.53571428571432,3.0,2.0,5.0
376,28,106,Germany,Dornburg,Boreal,,Luvisol,8.8,585.0,51.0,11.65,2011.0,LUC,16.0,Poplar,woody,SRC,4.0,4.333333333333333,14.333333333333334,9.333333333333334,1.3999999999999997,28.0,67.5,4.5,,2.2333333333333334,1,0.3833333333333333,20.720720720720717,3.0,2.0,5.0
380,28,107,Germany,Forst,Boreal,,Greysol,8.3,590.0,51.7833,14.616,2011.0,LUC,20.0,Black_locust,woody,SRC,4.0,4.333333333333333,14.333333333333334,9.333333333333334,1.3999999999999997,10.6,32.7,51.79999999999999,,1.7,1,0.1499999999999999,9.677419354838705,3.0,2.0,5.0
384,28,108,Germany,Forst,Boreal,,Greysol,8.3,590.0,51.7833,14.616,2011.0,LUC,24.0,Poplar,woody,SRC,4.0,4.333333333333333,14.333333333333334,9.333333333333334,1.3999999999999997,10.6,32.7,51.79999999999999,,1.2333333333333334,1,-0.05666666666666664,-4.392764857881136,3.0,2.0,5.0
410,32,121,UK,south_of_England,Temperate,,Silt_loam,10.0,770.0,50.966,-0.45,2012.0,LUC,3.0,Willow,woody,SRC,15.0,0.0,30.0,15.0,,7.38,59.44,33.19,,42.6,1,-18.6,-30.3921568627451,3.0,0.0,3.0
441,36,133,Spain,Murcia_los_Alguaciles,Arid,,Calcisol,16.6,330.0,37.866,-1.716,,LUC,4.0,Almond,woody,perennial_woody,3.0,0.0,15.0,7.5,1.08,,,,,43.09,1,14.360000000000003,49.982596588931436,2.0,1.0,4.0
442,37,134,Spain,Murcia_Cehegin,Arid,,Calcic_Haploxerept,16.6,330.0,38.05,-1.716,,LUC,4.0,Almond,woody,perennial_woody,3.0,0.0,15.0,7.5,1.09,,,,,42.84,1,14.110000000000003,49.11242603550297,2.0,1.0,4.0
446,39,138,Costa_rica,Sarapiqui,Tropical,Volcanic,,23.0,4065.0,10.0,-84.0,,LUC,30.0,Banana,palm,perennial_palm,10.0,10.0,20.0,15.0,0.7633333333333333,,,,,26.866666666666664,1,-0.4333333333333371,-1.5873015873016012,2.0,-3.0,1.0
449,39,139,Costa_rica,Sarapiqui,Tropical,Volcanic,,23.0,4065.0,10.0,-84.0,,LUC,10.0,"Palm,Banana,others",palm,perennial_palm,10.0,10.0,20.0,15.0,0.8266666666666667,,,,,24.6,1,-5.366666666666667,-17.908787541713014,2.0,-1.0,2.0
470,41,149,Ghana,Sefwi_Wiawso,Tropical,,orchosol-oxysol,26.0,1054.5,6.2,-2.483,,LUC,2.0,Cocoa,woody,perennial_woody,5.0,0.0,15.0,7.5,1.0,5.9,12.0,64.5,5.9,22.6,1,-4.399999999999999,-16.29629629629629,2.0,-3.0,1.0
471,41,150,Ghana,Sefwi_Wiawso,Tropical,,orchosol-oxysol,26.0,1054.5,6.2,-2.483,,LUC,15.0,Cocoa,woody,perennial_woody,5.0,0.0,15.0,7.5,1.0,5.4,12.0,44.5,5.4,17.6,1,-9.399999999999999,-34.81481481481481,2.0,-3.0,1.0
472,41,151,Ghana,Sefwi_Wiawso,Tropical,,orchosol-oxysol,26.0,1054.5,6.2,-2.483,,LUC,,Cocoa,woody,perennial_woody,5.0,0.0,15.0,7.5,0.9,5.3,11.5,64.5,5.3,18.2,1,-4.199999999999999,-18.749999999999996,2.0,-3.0,1.0
477,43,154,Indonesia,Central_Sulawesi,Tropical,,Cambisol,23.0,2200.0,-1.3,120.0,,LUC,10.0,Cocoa,woody,perennial_woody,4.0,0.0,20.0,10.0,1.4,,,,4.1,3.37,1,-1.7299999999999995,-33.921568627450974,2.0,-3.0,1.0
478,43,155,Indonesia,Central_Sulawesi,Tropical,,Cambisol,23.0,2200.0,-1.3,120.0,,LUC,10.0,Cocoa,woody,perennial_woody,4.0,0.0,20.0,10.0,1.2,,,,3.8,4.39,1,-0.71,-13.92156862745098,2.0,-3.0,1.0
528,48,171,Brazil,Bahia,Tropical,,Oxisol,26.0,1500.0,-14.0,-39.2,,LUC,30.0,Cocoa,woody,perennial_woody,6.0,5.0,20.0,12.5,0.75,,,,,39.0,1,8.5,27.86885245901639,2.0,-3.0,1.0
532,48,172,Brazil,Bahia,Tropical,,Oxisol,26.0,1500.0,-14.0,-39.2,,LUC,30.0,Cocoa,woody,perennial_woody,6.0,5.0,20.0,12.5,1.2,,,,,54.0,1,23.5,77.04918032786885,2.0,-3.0,1.0
542,49,175,Spain,Jaen_Barranco_del_atanor,Mediterranean,,Haplic_Regosol,17.3,470.0,37.77956,-3.3415,,LUC,16.0,Olive,woody,perennial_woody,1.0,0.0,24.0,12.0,1.36,40.0,45.0,15.0,8.2,39.7,1,18.810000000000002,90.0430828147439,2.0,-3.0,1.0
543,49,176,Spain,Jaen_Barranco_del_atanor,Mediterranean,,Cutanic_Luvisols,17.3,470.0,37.77956,-3.3415,,LUC,16.0,Olive,woody,perennial_woody,1.0,0.0,24.0,12.0,1.35,55.0,30.0,15.0,8.0,79.21,1,27.709999999999994,53.80582524271843,2.0,-3.0,1.0
550,52,183,Italy,Matera_Metapontino,Mediterranean,,Sandy_clay_loam,16.6,462.0,40.3833,16.766,,LUC,0.6,Almond,woody,perennial_woody,1.0,0.0,15.0,7.5,1.12,,,,8.4,12.28,1,-2.030000000000001,-14.18588399720476,2.0,1.0,4.0
551,52,184,Italy,Matera_Metapontino,Mediterranean,,Sandy_clay_loam,16.6,462.0,40.3833,16.766,,LUC,0.6,Almond,woody,perennial_woody,1.0,0.0,15.0,7.5,1.14,,,,8.4,13.73,1,-1.3899999999999988,-9.193121693121684,2.0,1.0,4.0
552,52,185,Italy,Matera_Metapontino,Mediterranean,,Sandy_clay_loam,16.6,462.0,40.3833,16.766,,LUC,0.6,Almond,woody,perennial_woody,1.0,0.0,15.0,7.5,1.17,,,,8.4,13.73,1,-1.4699999999999989,-9.67105263157894,2.0,1.0,4.0
553,52,186,Italy,Matera_Metapontino,Mediterranean,,Sandy_clay_loam,16.6,462.0,40.3833,16.766,,LUC,0.6,Almond,woody,perennial_woody,1.0,0.0,15.0,7.5,1.12,,,,8.4,12.68,1,-1.6300000000000008,-11.39063591893781,2.0,1.0,4.0
554,52,187,Italy,Matera_Metapontino,Mediterranean,,Sandy_clay_loam,16.6,462.0,40.3833,16.766,,LUC,0.6,Almond,woody,perennial_woody,1.0,0.0,15.0,7.5,1.16,,,,8.4,16.39,1,1.2700000000000014,8.39947089947091,2.0,1.0,4.0
555,52,188,Italy,Matera_Metapontino,Mediterranean,,Sandy_clay_loam,16.6,462.0,40.3833,16.766,,LUC,0.6,Almond,woody,perennial_woody,1.0,0.0,15.0,7.5,1.1,,,,8.4,13.12,1,-2.08,-13.684210526315791,2.0,1.0,4.0
653,63,229,Spain,Campo_Real,Mediterranean,,Calcic_Haploxeralf,14.0,400.0,40.35,-3.366,,LUC,1.6,Vineyard,woody,perennial_woody,1.0,0.0,10.0,5.0,1.2,24.0,41.0,58.0,,12.6,1,0.8399999999999999,7.142857142857142,2.0,1.0,4.0
654,63,230,Spain,Campo_Real,Mediterranean,,Calcic_Haploxeralf,14.0,400.0,40.35,-3.366,,LUC,1.6,Vineyard,woody,perennial_woody,1.0,0.0,10.0,5.0,1.2,24.0,41.0,58.0,,12.48,1,0.7200000000000006,6.122448979591842,2.0,1.0,4.0
678,75,252,Brazil,Ipaussu,Tropical,,Clayey,20.0,1351.0,-23.0553,-49.6237,,LUC,15.5,Sugarcane,grass,perennial_grass,1.0,0.0,40.0,20.0,,,,,,70.85,1,-18.55000000000001,-20.74944071588368,2.0,-1.0,2.0
681,75,253,Brazil,Ipaussu,Tropical,,Clayey,20.0,1351.0,-23.0553,-49.6237,,LUC,9.0,Sugarcane,grass,perennial_grass,1.0,0.0,40.0,20.0,,,,,,77.9,1,2.25,2.974223397224058,2.0,-1.0,2.0
684,75,254,Brazil,Ipaussu,Tropical,,Clayey,20.0,1351.0,-23.0553,-49.6237,,LUC,7.0,Sugarcane,grass,perennial_grass,1.0,0.0,40.0,20.0,,,,,,75.25,1,-0.4000000000000057,-0.5287508261731734,2.0,-1.0,2.0
687,75,255,Brazil,Anhembi,Tropical,,Sandy,21.0,1232.0,-22.7883,-48.1312,,LUC,6.0,Sugarcane,grass,perennial_grass,1.0,0.0,40.0,20.0,,,,,,46.0,1,-9.450000000000003,-17.042380522993692,2.0,-1.0,2.0
690,75,256,Brazil,Anhembi,Tropical,,Sandy,21.0,1232.0,-22.7883,-48.1312,,LUC,11.0,Sugarcane,grass,perennial_grass,1.0,0.0,40.0,20.0,,,,,,30.05,1,-25.400000000000002,-45.807033363390445,2.0,-1.0,2.0
693,75,257,Brazil,Anhembi,Tropical,,Sandy,21.0,1232.0,-22.7883,-48.1312,,LUC,14.0,Sugarcane,grass,perennial_grass,1.0,0.0,40.0,20.0,,,,,,34.15,1,4.349999999999998,14.597315436241603,2.0,-1.0,2.0
696,75,258,Brazil,Anhembi,Tropical,,Sandy,21.0,1232.0,-22.7883,-48.1312,,LUC,14.0,Sugarcane,grass,perennial_grass,1.0,0.0,40.0,20.0,,,,,,45.6,1,5.350000000000001,13.291925465838514,2.0,-1.0,2.0
699,75,259,Brazil,Anhembi,Tropical,,Sandy,21.0,1232.0,-22.7883,-48.1312,,LUC,15.0,Sugarcane,grass,perennial_grass,1.0,0.0,40.0,20.0,,,,,,64.85,1,1.8999999999999915,3.0182684670373177,2.0,-1.0,2.0
702,75,260,Brazil,Anhembi,Tropical,,Sandy,21.0,1232.0,-22.7883,-48.1312,,LUC,20.0,Sugarcane,grass,perennial_grass,1.0,0.0,40.0,20.0,,,,,,46.45,1,-47.95,-50.79449152542372,2.0,-1.0,2.0
705,75,261,Brazil,Itirapina,Tropical,,Sandy,20.0,1353.0,-22.2567,-47.817,,LUC,6.0,Sugarcane,grass,perennial_grass,1.0,0.0,40.0,20.0,,,,,,94.55,1,24.599999999999994,35.167977126518934,2.0,-1.0,2.0
708,75,262,Brazil,Itirapina,Tropical,,Sandy,20.0,1353.0,-22.2567,-47.817,,LUC,21.0,Sugarcane,grass,perennial_grass,1.0,0.0,40.0,20.0,,,,,,54.1,1,-15.850000000000001,-22.6590421729807,2.0,-1.0,2.0
711,75,263,Brazil,Itirapina,Tropical,,Sandy,20.0,1353.0,-22.2567,-47.817,,LUC,31.0,Sugarcane,grass,perennial_grass,1.0,0.0,40.0,20.0,,,,,,66.9,1,-3.049999999999997,-4.3602573266618965,2.0,-1.0,2.0
714,75,264,Brazil,Iacanga,Tropical,,Sandy,22.0,1153.0,-21.9198,-49.0009,,LUC,18.0,Sugarcane,grass,perennial_grass,1.0,0.0,40.0,20.0,,,,,,27.9,1,-12.700000000000003,-31.280788177339907,2.0,-1.0,2.0
717,75,265,Brazil,Iacanga,Tropical,,Sandy,22.0,1153.0,-21.9198,-49.0009,,LUC,7.0,Sugarcane,grass,perennial_grass,1.0,0.0,40.0,20.0,,,,,,37.400000000000006,1,-3.1999999999999957,-7.881773399014767,2.0,-1.0,2.0
720,75,266,Brazil,Iacanga,Tropical,,Medium,22.0,1153.0,-21.9198,-49.0009,,LUC,9.0,Sugarcane,grass,perennial_grass,1.0,0.0,40.0,20.0,,,,,,35.95,1,-4.649999999999999,-11.453201970443345,2.0,-1.0,2.0
723,75,267,Brazil,Araçatuba,Tropical,,Sandy,22.0,1262.0,-21.2029,-50.4537,,LUC,39.0,Sugarcane,grass,perennial_grass,1.0,0.0,40.0,20.0,,,,,,52.3,1,9.849999999999994,23.203769140164884,2.0,-1.0,2.0
726,75,268,Brazil,Araçatuba,Tropical,,Sandy,22.0,1262.0,-21.2029,-50.4537,,LUC,16.0,Sugarcane,grass,perennial_grass,1.0,0.0,40.0,20.0,,,,,,30.1,1,-8.299999999999997,-21.614583333333325,2.0,-1.0,2.0
729,75,269,Brazil,Araçatuba,Tropical,,Sandy,22.0,1262.0,-21.2029,-50.4537,,LUC,39.0,Sugarcane,grass,perennial_grass,1.0,0.0,40.0,20.0,,,,,,40.8,1,3.299999999999997,8.799999999999992,2.0,-1.0,2.0
732,75,270,Brazil,Araçatuba,Tropical,,Sandy,22.0,1262.0,-21.2029,-50.4537,,LUC,39.0,Sugarcane,grass,perennial_grass,1.0,0.0,40.0,20.0,,,,,,25.0,1,-5.449999999999999,-17.898193760262725,2.0,-1.0,2.0
735,75,271,Brazil,Andradina,Tropical,,Medium,23.0,1234.0,-20.899,-51.3797,,LUC,5.0,Sugarcane,grass,perennial_grass,1.0,0.0,40.0,20.0,,,,,,39.55,1,-6.950000000000003,-14.946236559139791,2.0,-1.0,2.0
738,75,272,Brazil,Andradina,Tropical,,Medium,23.0,1234.0,-20.899,-51.3797,,LUC,2.0,Sugarcane,grass,perennial_grass,1.0,0.0,40.0,20.0,,,,,,33.1,1,-8.100000000000001,-19.660194174757283,2.0,-1.0,2.0
741,75,273,Brazil,Andradina,Tropical,,Sandy,23.0,1234.0,-20.899,-51.3797,,LUC,10.0,Sugarcane,grass,perennial_grass,1.0,0.0,40.0,20.0,,,,,,29.55,1,-31.95,-51.951219512195124,2.0,-1.0,2.0
744,75,274,Brazil,Andradina,Tropical,,Sandy,23.0,1234.0,-20.899,-51.3797,,LUC,4.0,Sugarcane,grass,perennial_grass,1.0,0.0,40.0,20.0,,,,,,33.65,1,-2.3000000000000043,-6.39777468706538,2.0,-1.0,2.0
747,75,275,Brazil,Andradina,Tropical,,Sandy,23.0,1234.0,-20.899,-51.3797,,LUC,9.0,Sugarcane,grass,perennial_grass,1.0,0.0,40.0,20.0,,,,,,32.5,1,-2.3999999999999986,-6.876790830945555,2.0,-1.0,2.0
750,75,276,Brazil,Igarapava,Tropical,,Clayey,22.0,1567.0,-20.0422,-47.7564,,LUC,8.0,Sugarcane,grass,perennial_grass,1.0,0.0,40.0,20.0,,,,,,74.44999999999999,1,-28.150000000000006,-27.436647173489288,2.0,-1.0,2.0
753,75,277,Brazil,Igarapava,Tropical,,Clayey,22.0,1567.0,-20.0422,-47.7564,,LUC,5.0,Sugarcane,grass,perennial_grass,1.0,0.0,40.0,20.0,,,,,,67.8,1,-17.049999999999997,-20.09428403064231,2.0,-1.0,2.0
756,75,278,Brazil,Igarapava,Tropical,,Clayey,22.0,1567.0,-20.0422,-47.7564,,LUC,15.0,Sugarcane,grass,perennial_grass,1.0,0.0,40.0,20.0,,,,,,95.75,1,-20.25,-17.45689655172414,2.0,-1.0,2.0
759,75,279,Brazil,Igarapava,Tropical,,Clayey,22.0,1567.0,-20.0422,-47.7564,,LUC,20.0,Sugarcane,grass,perennial_grass,1.0,0.0,40.0,20.0,,,,,,70.75,1,-6.650000000000006,-8.591731266149878,2.0,-1.0,2.0
762,75,280,Brazil,Igarapava,Tropical,,Medium,22.0,1567.0,-20.0422,-47.7564,,LUC,5.0,Sugarcane,grass,perennial_grass,1.0,0.0,40.0,20.0,,,,,,52.95,1,-16.700000000000003,-23.977027997128502,2.0,-1.0,2.0
765,75,281,Brazil,Campo_Florido,Tropical,,Medium,23.0,1553.0,-19.7529,-48.6389,,LUC,2.0,Sugarcane,grass,perennial_grass,1.0,0.0,40.0,20.0,,,,,,38.25,1,-1.25,-3.1645569620253164,2.0,1.0,4.0
768,75,282,Brazil,Campo_Florido,Tropical,,Clayey,23.0,1553.0,-19.7529,-48.6389,,LUC,5.0,Sugarcane,grass,perennial_grass,1.0,0.0,40.0,20.0,,,,,,44.900000000000006,1,5.400000000000006,13.670886075949381,2.0,1.0,4.0
771,75,283,Brazil,Campo_Florido,Tropical,,Medium,23.0,1553.0,-19.7529,-48.6389,,LUC,3.0,Sugarcane,grass,perennial_grass,1.0,0.0,40.0,20.0,,,,,,38.150000000000006,1,4.500000000000007,13.372956909361092,2.0,-1.0,2.0
774,75,284,Brazil,Campo_Florido,Tropical,,Sandy,23.0,1553.0,-19.7529,-48.6389,,LUC,6.0,Sugarcane,grass,perennial_grass,1.0,0.0,40.0,20.0,,,,,,32.45,1,-2.5999999999999943,-7.41797432239656,2.0,-1.0,2.0
777,75,285,Brazil,Campo_Florido,Tropical,,Sandy,23.0,1553.0,-19.7529,-48.6389,,LUC,7.0,Sugarcane,grass,perennial_grass,1.0,0.0,40.0,20.0,,,,,,34.4,1,-0.6499999999999986,-1.85449358059914,2.0,-1.0,2.0
780,75,286,Brazil,Campo_Florido,Tropical,,Sandy,23.0,1553.0,-19.7529,-48.6389,,LUC,7.0,Sugarcane,grass,perennial_grass,1.0,0.0,40.0,20.0,,,,,,38.5,1,3.6499999999999986,10.473457675753224,2.0,-1.0,2.0
783,75,287,Brazil,Campo_Florido,Tropical,,Sandy,23.0,1553.0,-19.7529,-48.6389,,LUC,6.0,Sugarcane,grass,perennial_grass,1.0,0.0,40.0,20.0,,,,,,25.1,1,-9.75,-27.977044476327116,2.0,-1.0,2.0
786,75,288,Brazil,Campo_Florido,Tropical,,Sandy,23.0,1553.0,-19.7529,-48.6389,,LUC,4.0,Sugarcane,grass,perennial_grass,1.0,0.0,40.0,20.0,,,,,,36.05,1,-6.75,-15.771028037383179,2.0,-3.0,1.0
789,75,289,Brazil,Campo_Florido,Tropical,,Medium,23.0,1553.0,-19.7529,-48.6389,,LUC,7.0,Sugarcane,grass,perennial_grass,1.0,0.0,40.0,20.0,,,,,,38.85,1,-0.6999999999999957,-1.769911504424768,2.0,1.0,4.0
792,75,290,Brazil,Arapora,Tropical,,Clayey,23.0,1462.0,-18.4761,-49.142,,LUC,7.0,Sugarcane,grass,perennial_grass,1.0,0.0,40.0,20.0,,,,,,69.0,1,2.5,3.7593984962406015,2.0,-1.0,2.0
795,75,291,Brazil,Arapora,Tropical,,Clayey,23.0,1462.0,-18.4761,-49.142,,LUC,16.0,Sugarcane,grass,perennial_grass,1.0,0.0,40.0,20.0,,,,,,53.8,1,-12.700000000000003,-19.09774436090226,2.0,-1.0,2.0
798,75,292,Brazil,Arapora,Tropical,,Clayey,23.0,1462.0,-18.4761,-49.142,,LUC,39.0,Sugarcane,grass,perennial_grass,1.0,0.0,40.0,20.0,,,,,,78.3,1,-44.95,-36.47058823529412,2.0,-3.0,1.0
801,75,293,Brazil,Arapora,Tropical,,Clayey,23.0,1462.0,-18.4761,-49.142,,LUC,10.0,Sugarcane,grass,perennial_grass,1.0,0.0,40.0,20.0,,,,,,80.25,1,-17.650000000000006,-18.028600612870278,2.0,-1.0,2.0
804,75,294,Brazil,Arapora,Tropical,,Clayey,23.0,1462.0,-18.4761,-49.142,,LUC,20.0,Sugarcane,grass,perennial_grass,1.0,0.0,40.0,20.0,,,,,,74.55,1,-23.35000000000001,-23.85086823289071,2.0,-1.0,2.0
807,75,295,Brazil,Arapora,Tropical,,Clayey,23.0,1462.0,-18.4761,-49.142,,LUC,3.0,Sugarcane,grass,perennial_grass,1.0,0.0,40.0,20.0,,,,,,77.9,1,-5.799999999999983,-6.929510155316587,2.0,-1.0,2.0
810,75,296,Brazil,Arapora,Tropical,,Clayey,23.0,1462.0,-18.4761,-49.142,,LUC,7.0,Sugarcane,grass,perennial_grass,1.0,0.0,40.0,20.0,,,,,,111.9,1,27.55000000000001,32.661529342027286,2.0,-1.0,2.0
813,75,297,Brazil,Arapora,Tropical,,Clayey,23.0,1462.0,-18.4761,-49.142,,LUC,3.0,Sugarcane,grass,perennial_grass,1.0,0.0,40.0,20.0,,,,,,94.05,1,1.6499999999999915,1.7857142857142763,2.0,-1.0,2.0
816,75,298,Brazil,Arapora,Tropical,,Clayey,23.0,1462.0,-18.4761,-49.142,,LUC,7.0,Sugarcane,grass,perennial_grass,1.0,0.0,40.0,20.0,,,,,,86.0,1,4.5,5.521472392638037,2.0,-1.0,2.0
819,75,299,Brazil,Arapora,Tropical,,Clayey,23.0,1462.0,-18.4761,-49.142,,LUC,11.0,Sugarcane,grass,perennial_grass,1.0,0.0,40.0,20.0,,,,,,81.15,1,-10.649999999999991,-11.601307189542474,2.0,-1.0,2.0
822,75,300,Brazil,Arapora,Tropical,,Clayey,23.0,1462.0,-18.4761,-49.142,,LUC,6.0,Sugarcane,grass,perennial_grass,1.0,0.0,40.0,20.0,,,,,,85.95,1,-1.6499999999999915,-1.8835616438356069,2.0,-3.0,1.0
825,75,301,Brazil,Arapora,Tropical,,Clayey,23.0,1462.0,-18.4761,-49.142,,LUC,13.0,Sugarcane,grass,perennial_grass,1.0,0.0,40.0,20.0,,,,,,60.95,1,-5.349999999999994,-8.069381598793356,2.0,-1.0,2.0
828,75,302,Brazil,Arapora,Tropical,,Clayey,23.0,1462.0,-18.4761,-49.142,,LUC,14.0,Sugarcane,grass,perennial_grass,1.0,0.0,40.0,20.0,,,,,,75.1,1,-9.150000000000006,-10.860534124629087,2.0,-1.0,2.0
831,75,303,Brazil,Arapora,Tropical,,Clayey,23.0,1462.0,-18.4761,-49.142,,LUC,15.0,Sugarcane,grass,perennial_grass,1.0,0.0,40.0,20.0,,,,,,60.65,1,0.5499999999999972,0.9151414309484145,2.0,-1.0,2.0
834,75,304,Brazil,Arapora,Tropical,,Clayey,23.0,1462.0,-18.4761,-49.142,,LUC,3.0,Sugarcane,grass,perennial_grass,1.0,0.0,40.0,20.0,,,,,,79.69999999999999,1,-20.35000000000001,-20.33983008495753,2.0,-3.0,1.0
837,75,305,Brazil,Arapora,Tropical,,Clayey,23.0,1462.0,-18.4761,-49.142,,LUC,3.0,Sugarcane,grass,perennial_grass,1.0,0.0,40.0,20.0,,,,,,65.80000000000001,1,2.150000000000013,3.377847604084859,2.0,1.0,4.0
840,75,306,Brazil,Goiatuba,Tropical,,Clayey,22.0,1585.0,-18.011,-49.3663,,LUC,11.0,Sugarcane,grass,perennial_grass,1.0,0.0,40.0,20.0,,,,,,111.55,1,-23.799999999999997,-17.584041374214998,2.0,-1.0,2.0
843,75,307,Brazil,Goiatuba,Tropical,,Sandy,22.0,1585.0,-18.011,-49.3663,,LUC,3.0,Sugarcane,grass,perennial_grass,1.0,0.0,40.0,20.0,,,,,,65.75,1,-2.25,-3.308823529411765,2.0,-1.0,2.0
846,75,308,Brazil,Goiatuba,Tropical,,Clayey,22.0,1585.0,-18.011,-49.3663,,LUC,3.0,Sugarcane,grass,perennial_grass,1.0,0.0,40.0,20.0,,,,,,86.45,1,4.799999999999997,5.878750765462335,2.0,1.0,4.0
849,75,309,Brazil,Goiatuba,Tropical,,Clayey,22.0,1585.0,-18.011,-49.3663,,LUC,12.0,Sugarcane,grass,perennial_grass,1.0,0.0,40.0,20.0,,,,,,100.25,1,-16.549999999999997,-14.169520547945202,2.0,-1.0,2.0
852,75,310,Brazil,Goiatuba,Tropical,,Clayey,22.0,1585.0,-18.011,-49.3663,,LUC,20.0,Sugarcane,grass,perennial_grass,1.0,0.0,40.0,20.0,,,,,,98.3,1,-25.950000000000003,-20.885311871227366,2.0,-3.0,1.0
855,75,311,Brazil,Goiatuba,Tropical,,Clayey,22.0,1585.0,-18.011,-49.3663,,LUC,17.0,Sugarcane,grass,perennial_grass,1.0,0.0,40.0,20.0,,,,,,111.25,1,-5.549999999999997,-4.751712328767121,2.0,-1.0,2.0
934,87,361,Malaysia,north_Selangor,Tropical,,,28.5,2000.0,3.33,101.3,2014.0,LUC,13.0,PalmOil,palm,perennial_palm,5.0,0.0,10.0,5.0,0.12,,,,3.7,1050.0,1,60.0,6.0606060606060606,2.0,-2.0,1.0
935,87,362,Malaysia,north_Selangor,Tropical,,,28.5,2000.0,3.33,101.3,2014.0,LUC,13.0,PalmOil,palm,perennial_palm,5.0,0.0,10.0,5.0,0.12,,,,3.7,1050.0,1,165.0,18.64406779661017,2.0,-3.0,1.0
936,87,363,Malaysia,north_Selangor,Tropical,,,28.5,2000.0,3.33,101.3,2014.0,LUC,0.5,PalmOil,palm,perennial_palm,5.0,0.0,10.0,5.0,0.14,,,,3.9,560.0,1,-430.0,-43.43434343434344,2.0,-2.0,1.0
937,87,364,Malaysia,north_Selangor,Tropical,,,28.5,2000.0,3.33,101.3,2014.0,LUC,0.5,PalmOil,palm,perennial_palm,5.0,0.0,10.0,5.0,0.14,,,,3.9,560.0,1,-325.0,-36.72316384180791,2.0,-3.0,1.0
957,89,372,Indonesia,Lampung,Tropical,,Inceptisol,20.0,2500.0,-5.0,104.0,1999.0,LUC,25.0,Cocoa,woody,perennial_woody,1.0,0.0,30.0,15.0,,,,,,52.0,1,-210.0,-80.1526717557252,2.0,-3.0,1.0
958,89,373,Indonesia,Lampung,Tropical,,Inceptisol,20.0,2500.0,-5.0,104.0,1999.0,LUC,25.0,Cocoa,woody,perennial_woody,1.0,0.0,30.0,15.0,,,,,,52.0,1,-44.0,-45.83333333333333,2.0,-2.0,1.0
962,91,375,UK,East Riding of Yorkshire,Temperate,,,9.0,571.0,53.7,-0.8,2013.0,LUC,12.0,Willow,woody,SRC,3.0,15.0,40.0,27.5,1.395,,,,,46.54,1,-0.8149999999999977,-1.7210431844578138,3.0,2.0,5.0
965,92,376,UK,East Riding of Yorkshire,Temperate,,,9.0,571.0,53.7,-0.8,2013.0,LUC,5.0,Willow,woody,SRC,3.0,15.0,40.0,27.5,1.475,,,,,46.21,1,-1.144999999999996,-2.417907295956068,3.0,2.0,5.0
968,93,377,UK,Nottinghamshire,Temperate,,,9.0,568.0,53.2,-0.7,2012.0,LUC,4.0,Willow,woody,SRC,3.0,15.0,40.0,27.5,1.035,,,,,81.2,1,53.935,197.81771501925547,3.0,2.0,5.0
971,94,378,UK,Nottinghamshire,Temperate,,,9.0,568.0,53.2,-0.7,2012.0,LUC,4.0,Willow,woody,SRC,3.0,15.0,40.0,27.5,1.035,,,,,81.2,1,-24.74499999999999,-23.356458539808383,3.0,2.0,5.0
974,95,379,UK,Hampshire,Temperate,,,10.0,743.0,50.9,-0.4,2012.0,LUC,4.0,Willow,woody,SRC,3.0,15.0,40.0,27.5,1.475,,,,,32.0,1,4.199999999999999,15.107913669064747,3.0,0.0,3.0
977,96,380,UK,Buckinghamshire,Temperate,,,10.0,646.0,51.7,-0.9,2012.0,LUC,5.0,Willow,woody,SRC,3.0,15.0,40.0,27.5,1.375,,,,,44.54,1,8.435000000000002,23.3624151779532,3.0,2.0,5.0
979,97,381,UK,Buckinghamshire,Temperate,,,10.0,646.0,51.7,-0.9,2012.0,LUC,5.0,Miscanthus,grass,perennial_grass,3.0,15.0,40.0,27.5,1.31,,,,,32.870000000000005,1,-3.2349999999999923,-8.95997784240408,2.0,1.0,4.0
982,98,382,UK,Buckinghamshire,Temperate,,,10.0,646.0,51.7,-0.9,2012.0,LUC,5.0,Miscanthus,grass,perennial_grass,3.0,15.0,40.0,27.5,1.31,,,,,32.870000000000005,1,-11.669999999999995,-26.201167489896708,2.0,-1.0,2.0
985,99,383,UK,North_Yorkshire,Temperate,,,9.0,612.0,54.0,-1.2,2012.0,LUC,5.0,Miscanthus,grass,perennial_grass,3.0,15.0,40.0,27.5,1.55,,,,,42.72,1,5.435000000000002,14.576907603593947,2.0,1.0,4.0
988,100,384,UK,North_Yorkshire,Temperate,,,9.0,704.0,54.1,-1.1,2012.0,LUC,6.0,Miscanthus,grass,perennial_grass,3.0,15.0,40.0,27.5,1.44,,,,,50.815000000000005,1,12.440000000000005,32.4169381107492,2.0,-1.0,2.0
991,101,385,UK,West_Berkshire,Temperate,,,10.0,758.0,51.5,-1.3,2012.0,LUC,5.0,Miscanthus,grass,perennial_grass,3.0,15.0,40.0,27.5,0.955,,,,,34.06,1,9.190000000000001,36.952151186168074,2.0,1.0,4.0
994,102,386,UK,Wiltshire,Temperate,,,10.0,656.0,51.5,-1.6,2012.0,LUC,7.0,Willow,woody,SRC,3.0,15.0,40.0,27.5,1.13,,,,,58.215,1,-24.655,-29.75141788343188,3.0,0.0,3.0
997,103,387,UK,Wiltshire,Temperate,,,10.0,656.0,51.5,-1.6,2012.0,LUC,7.0,Willow,woody,SRC,3.0,15.0,40.0,27.5,1.205,,,,,39.835,1,-2.780000000000001,-6.523524580546757,3.0,2.0,5.0
1000,104,388,UK,Oxfordshire,Temperate,,,9.0,687.0,51.8,-1.6,2012.0,LUC,5.0,Miscanthus,grass,perennial_grass,3.0,15.0,40.0,27.5,1.495,,,,,29.935,1,-24.025000000000002,-44.52372127501854,2.0,1.0,4.0
1006,106,390,UK,Worcestershire,Temperate,,,9.0,770.0,52.2,-1.9,2013.0,LUC,9.0,Willow,woody,SRC,3.0,15.0,40.0,27.5,1.5699999999999998,,,,,58.005,1,-8.249999999999993,-12.451890423364265,3.0,0.0,3.0
1009,107,391,UK,Worcestershire,Temperate,,,9.0,770.0,52.2,-1.9,2013.0,LUC,19.0,Willow,woody,SRC,3.0,15.0,40.0,27.5,1.57,,,,,47.265,1,-18.989999999999995,-28.66198777450758,3.0,0.0,3.0
1012,108,392,UK,Worcestershire,Temperate,,,9.0,770.0,52.2,-1.9,2013.0,LUC,22.0,Willow,woody,SRC,3.0,15.0,40.0,27.5,1.555,,,,,57.645,1,-8.609999999999992,-12.995245641838341,3.0,0.0,3.0
1015,109,393,UK,Clwyd,Temperate,,,9.0,1132.0,53.2,-3.7,2013.0,LUC,5.0,Miscanthus,grass,perennial_grass,3.0,15.0,40.0,27.5,1.465,,,,,53.195,1,23.744999999999997,80.62818336162987,2.0,-1.0,2.0
1018,110,394,UK,Gwynedd,Temperate,,,10.0,1145.0,52.4,-4.0,2013.0,LUC,0.0,Miscanthus,grass,perennial_grass,3.0,15.0,40.0,27.5,1.14,,,,,62.035,1,12.384999999999998,24.94461228600201,2.0,-1.0,2.0
1020,111,395,UK,Somerset ,Temperate,,,10.0,868.0,51.2,-2.8,2013.0,LUC,9.0,Miscanthus,grass,perennial_grass,3.0,15.0,40.0,27.5,0.985,,,,,73.075,1,5.019999999999996,7.376386746014246,2.0,-1.0,2.0
1023,112,396,UK,Dorset,Temperate,,,10.0,820.0,50.7,-2.4,2013.0,LUC,5.0,Willow,woody,SRC,3.0,15.0,40.0,27.5,1.31,,,,,31.93,1,-7.619999999999997,-19.266750948166873,3.0,2.0,5.0
1026,113,397,UK,Somerset ,Temperate,,,10.0,957.0,51.0,-3.1,2013.0,LUC,10.0,Miscanthus,grass,perennial_grass,3.0,15.0,40.0,27.5,1.595,,,,,34.585,1,-0.5750000000000028,-1.635381114903307,2.0,1.0,4.0
1029,114,398,UK,Somerset ,Temperate,,,10.0,957.0,51.0,-3.1,2013.0,LUC,10.0,Miscanthus,grass,perennial_grass,3.0,15.0,40.0,27.5,1.47,,,,,35.35,1,-20.32,-36.500808334830246,2.0,1.0,4.0
1032,115,399,UK,Cornwall,Temperate,,,11.0,938.0,50.5,-4.8,2012.0,LUC,9.0,Miscanthus,grass,perennial_grass,3.0,15.0,40.0,27.5,1.13,,,,,40.715,1,-7.779999999999994,-16.04289101969274,2.0,-1.0,2.0
1035,116,400,UK,Cornwall,Temperate,,,10.0,1048.0,50.4,-4.6,2012.0,LUC,8.0,Miscanthus,grass,perennial_grass,3.0,15.0,40.0,27.5,0.915,,,,,49.275000000000006,1,5.1200000000000045,11.595515796625534,2.0,1.0,4.0
1038,117,401,UK,Cornwall,Temperate,,,10.0,1048.0,50.4,-4.6,2012.0,LUC,8.0,Miscanthus,grass,perennial_grass,3.0,15.0,40.0,27.5,0.915,,,,,49.275000000000006,1,-0.06499999999999773,-0.13173895419537437,2.0,1.0,4.0
1041,118,402,UK,Cornwall,Temperate,,,10.0,1048.0,50.4,-4.6,2012.0,LUC,8.0,Miscanthus,grass,perennial_grass,3.0,15.0,40.0,27.5,1.065,,,,,49.34,1,-26.174999999999997,-34.66198768456598,2.0,1.0,4.0
1044,119,403,UK,Fife,Temperate,,,9.0,986.0,56.0,-3.6,2012.0,LUC,4.0,Willow,woody,SRC,3.0,15.0,40.0,27.5,1.26,,,,,70.095,1,8.259999999999998,13.358130508611623,3.0,2.0,5.0
1047,120,404,UK,Fife,Temperate,,,9.0,986.0,56.0,-3.6,2012.0,LUC,4.0,Willow,woody,SRC,3.0,15.0,40.0,27.5,1.26,,,,,70.095,1,15.509999999999998,28.414399560318763,3.0,2.0,5.0
1050,121,405,UK,Fife,Temperate,,,8.0,824.0,56.2,-3.2,2013.0,LUC,6.0,Willow,woody,SRC,3.0,15.0,40.0,27.5,1.4,,,,,46.15,1,-21.255000000000003,-31.53326904532305,3.0,0.0,3.0
1053,122,406,UK,Pembrokeshire,Temperate,,,10.0,1059.0,51.7,-4.7,2013.0,LUC,9.0,Willow,woody,SRC,3.0,15.0,40.0,27.5,1.355,,,,,47.75,1,14.950000000000003,45.57926829268294,3.0,0.0,3.0
1056,123,407,UK,Pembrokeshire,Temperate,,,10.0,1059.0,51.7,-4.7,2013.0,LUC,9.0,Willow,woody,SRC,3.0,15.0,40.0,27.5,1.355,,,,,47.75,1,-3.5150000000000006,-6.856529796157224,3.0,0.0,3.0
1059,124,408,UK,Pembrokeshire,Temperate,,,10.0,1059.0,51.7,-4.7,2013.0,LUC,9.0,Willow,woody,SRC,3.0,15.0,40.0,27.5,1.185,,,,,61.255,1,9.990000000000002,19.48697942065737,3.0,0.0,3.0
1062,125,409,UK,Pembrokeshire,Temperate,,,10.0,1059.0,51.7,-4.7,2013.0,LUC,9.0,Willow,woody,SRC,3.0,15.0,40.0,27.5,1.185,,,,,61.255,1,28.455000000000005,86.75304878048783,3.0,0.0,3.0
1065,126,410,UK,Cumbria,Temperate,,,10.0,609.0,52.5,-0.5,2013.0,LUC,6.0,Willow,woody,SRC,3.0,15.0,40.0,27.5,1.485,,,,,44.56,1,12.305,38.149124166795836,3.0,2.0,5.0
1068,127,411,UK,West Midlands,Temperate,,,10.0,609.0,52.7,-2.1,2013.0,LUC,6.0,Miscanthus,grass,perennial_grass,3.0,15.0,40.0,27.5,1.235,,,,,34.825,1,4.460000000000004,14.687963115428962,2.0,1.0,4.0
1070,128,412,Germany,Abbachhof,Temperate,,,8.0,650.0,49.083,12.15,2012.0,LUC,28.0,Poplar,woody,SRC,2.0,0.0,30.0,15.0,1.5,11.0,21.0,67.0,5.7,34.0,1,-3.0,-8.108108108108109,3.0,2.0,5.0
1072,128,413,Germany,Arnsfeld,Temperate,,,6.9,860.0,50.583,13.11,2012.0,LUC,13.0,Poplar,woody,SRC,2.0,0.0,30.0,15.0,1.2,17.0,38.0,45.0,5.0,49.0,1,12.0,32.432432432432435,3.0,2.0,5.0
1074,128,414,Germany,Beuerberg,Temperate,,,7.8,1425.0,47.833,11.4,2012.0,LUC,18.0,Poplar,woody,SRC,2.0,0.0,30.0,15.0,1.1,25.0,43.0,32.0,4.9,62.0,1,-14.0,-18.421052631578945,3.0,0.0,3.0
1076,128,415,Germany,Bad_Birnbach,Temperate,,,8.9,930.0,48.416,13.15,2012.0,LUC,17.0,Poplar,woody,SRC,2.0,0.0,30.0,15.0,1.3,20.0,68.0,12.0,5.8,57.0,1,6.0,11.76470588235294,3.0,2.0,5.0
1078,128,416,Germany,Dornburg,Temperate,,,8.1,595.0,51.0,11.666,2012.0,LUC,18.0,Poplar,woody,SRC,2.0,0.0,30.0,15.0,1.3,29.0,67.0,4.0,6.7,48.0,1,12.0,33.33333333333333,3.0,2.0,5.0
1080,128,417,Germany,Forchheim,Temperate,,,10.1,742.0,48.966,8.333,2012.0,LUC,17.0,Willow,woody,SRC,2.0,0.0,30.0,15.0,1.4,11.0,19.0,70.0,5.7,45.0,1,5.0,12.5,3.0,2.0,5.0
1082,128,418,Germany,Georgenhof,Temperate,,,7.9,740.0,51.433,9.6,2012.0,LUC,23.0,Willow,woody,SRC,2.0,0.0,30.0,15.0,1.2,11.0,20.0,69.0,5.4,58.0,1,6.0,11.538461538461538,3.0,0.0,3.0
1084,128,419,Germany,Hann_M€unden,Temperate,,,8.6,700.0,51.483,9.6,2012.0,LUC,35.0,Poplar,woody,SRC,2.0,0.0,30.0,15.0,1.1,20.0,56.0,24.0,5.3,64.0,1,19.0,42.22222222222222,3.0,2.0,5.0
1086,128,420,Germany,Heuberghof,Temperate,,,6.8,800.0,48.283,8.433,2012.0,LUC,18.0,Willow,woody,SRC,2.0,0.0,30.0,15.0,0.9,67.0,30.0,3.0,7.0,98.0,1,-1.0,-1.0101010101010102,3.0,2.0,5.0
1087,128,421,Germany,Hart,Temperate,,,8.8,1155.0,47.933,12.55,2012.0,LUC,18.0,Poplar,woody,SRC,2.0,0.0,30.0,15.0,1.3,24.0,53.0,23.0,5.4,55.0,1,-6.0,-9.836065573770492,3.0,2.0,5.0
1089,128,422,Germany,Langenwetzendorf,Temperate,,,7.4,600.0,50.683,12.1,2012.0,LUC,19.0,Poplar,woody,SRC,2.0,0.0,30.0,15.0,1.4,23.0,59.0,18.0,5.8,48.0,1,-12.0,-20.0,3.0,2.0,5.0
1091,128,423,Germany,Mehrstedt,Temperate,,,8.5,547.0,51.283,10.633,2012.0,LUC,8.0,Poplar,woody,SRC,2.0,0.0,30.0,15.0,1.3,24.0,67.0,10.0,5.6,44.0,1,-5.0,-10.204081632653061,3.0,0.0,3.0
1093,128,424,Germany,Neuhof,Temperate,,,8.2,800.0,48.766,10.8,2012.0,LUC,18.0,Poplar,woody,SRC,2.0,0.0,30.0,15.0,1.3,32.0,49.0,19.0,7.2,61.0,1,-3.0,-4.6875,3.0,2.0,5.0
1095,128,425,Germany,Pumpernudel,Temperate,,,8.1,990.0,48.233,12.116,2012.0,LUC,14.0,Poplar,woody,SRC,2.0,0.0,30.0,15.0,1.3,26.0,62.0,11.0,5.3,51.0,1,-3.0,-5.555555555555555,3.0,2.0,5.0
1097,128,426,Germany,Potsdam,Temperate,,,9.2,560.0,48.233,13.0,2012.0,LUC,17.0,Poplar,woody,SRC,2.0,0.0,30.0,15.0,1.5,11.0,13.0,76.0,6.0,36.0,1,7.0,24.137931034482758,3.0,2.0,5.0
1099,128,427,Germany,Salzungen,Temperate,,,8.1,586.0,50.8,10.233,2012.0,LUC,15.0,Poplar,woody,SRC,2.0,0.0,30.0,15.0,1.3,12.0,30.0,58.0,5.7,33.0,1,5.0,17.857142857142858,3.0,2.0,5.0
1101,128,428,Germany,Sk€aßchen,Temperate,,,8.5,575.0,51.35,13.566,2012.0,LUC,14.0,Poplar,woody,SRC,2.0,0.0,30.0,15.0,1.3,12.0,24.0,64.0,5.9,39.0,1,-5.0,-11.363636363636363,3.0,2.0,5.0
1103,128,429,Germany,Schwarzenau,Temperate,,,9.8,570.0,49.75,10.2166,2012.0,LUC,17.0,Willow,woody,SRC,2.0,0.0,30.0,15.0,1.5,13.0,11.0,77.0,5.6,38.0,1,18.0,90.0,3.0,2.0,5.0
1105,128,430,Germany,Teisendorf,Temperate,,,7.8,1541.0,47.833,12.85,2012.0,LUC,14.0,Poplar,woody,SRC,2.0,0.0,30.0,15.0,1.0,36.0,49.0,15.0,6.2,71.0,1,-7.0,-8.974358974358974,3.0,0.0,3.0
1107,128,431,Germany,Thammenhain,Temperate,,,8.5,575.0,51.433,12.85,2012.0,LUC,12.0,Poplar,woody,SRC,2.0,0.0,30.0,15.0,1.6,9.0,31.0,60.0,5.6,33.0,1,-7.0,-17.5,3.0,2.0,5.0
1109,128,432,Germany,W€ollershof,Temperate,,,8.1,710.0,49.75,12.183,2012.0,LUC,20.0,Poplar,woody,SRC,2.0,0.0,30.0,15.0,1.3,11.0,30.0,59.0,5.3,38.0,1,7.0,22.58064516129032,3.0,2.0,5.0
1113,130,434,USA,Iowa,Temperate,,,9.0,864.0,41.878,-93.097,,LUC,24.0,Switchgrass,grass,perennial_grass,1.0,0.0,30.0,15.0,,,,,,41.63,1,2.9000000000000057,7.487735605473808,2.0,1.0,4.0
1114,130,435,USA,Iowa,Temperate,,,9.0,864.0,41.878,-93.097,,LUC,24.0,Switchgrass,grass,perennial_grass,1.0,0.0,30.0,15.0,,,,,,48.86,1,10.130000000000003,26.155435063258466,2.0,1.0,4.0
1117,131,436,USA,Tennessee,Temperate,,,15.0,1397.0,35.5175,-86.5804,,LUC,5.0,Switchgrass,grass,perennial_grass,1.0,0.0,30.0,15.0,,,,,,27.59,1,3.6000000000000014,15.006252605252197,2.0,1.0,4.0
1118,131,437,USA,Tennessee,Temperate,,,15.0,1397.0,35.5175,-86.5804,,LUC,5.0,Switchgrass,grass,perennial_grass,1.0,0.0,30.0,15.0,,,,,,34.1,1,0.5799999999999983,1.7303102625298277,2.0,-1.0,2.0
1119,131,438,USA,Kentucky,Temperate,,,13.0,1165.0,37.8393,-84.27,,LUC,5.0,Switchgrass,grass,perennial_grass,1.0,0.0,30.0,15.0,,,,,,24.07,1,1.0500000000000007,4.561251086012167,2.0,1.0,4.0
1120,131,439,USA,Virginia,Temperate,,,13.0,1116.0,37.4316,-78.6569,,LUC,5.0,Switchgrass,grass,perennial_grass,1.0,0.0,30.0,15.0,,,,,,36.92,1,-5.399999999999999,-12.759924385633267,2.0,-1.0,2.0
1125,132,440,USA,Ohio,Temperate,,,10.0,973.0,40.4173,-82.9071,,LUC,7.0,Switchgrass,grass,perennial_grass,1.0,0.0,30.0,15.0,,,,,,106.0,1,-2.0,-1.8518518518518516,2.0,-1.0,2.0
1126,132,441,USA,Ohio,Temperate,,,10.0,973.0,40.4173,-82.9071,,LUC,7.0,Switchgrass,grass,perennial_grass,1.0,0.0,30.0,15.0,,,,,,75.0,1,-5.0,-6.25,2.0,1.0,4.0
1127,132,442,USA,Ohio,Temperate,,,10.0,973.0,40.4173,-82.9071,,LUC,7.0,Switchgrass,grass,perennial_grass,1.0,0.0,30.0,15.0,,,,,,60.0,1,-3.0,-4.761904761904762,2.0,-1.0,2.0
1131,133,443,USA,Ohio,Temperate,,,10.0,973.0,40.4173,-82.9071,,LUC,6.0,Switchgrass,grass,perennial_grass,1.0,0.0,30.0,15.0,,,,,,105.75,1,0.04999999999999716,0.04730368968779296,2.0,-1.0,2.0
1132,133,444,USA,Ohio,Temperate,,,10.0,973.0,40.4173,-82.9071,,LUC,6.0,Switchgrass,grass,perennial_grass,1.0,0.0,30.0,15.0,,,,,,117.32,1,11.61999999999999,10.993377483443698,2.0,-1.0,2.0
1133,133,445,USA,Ohio,Temperate,,,10.0,973.0,40.4173,-82.9071,,LUC,6.0,Switchgrass,grass,perennial_grass,1.0,0.0,30.0,15.0,,,,,,126.0,1,20.299999999999997,19.20529801324503,2.0,-1.0,2.0
1134,133,446,USA,Ohio,Temperate,,,10.0,973.0,40.4173,-82.9071,,LUC,6.0,Switchgrass,grass,perennial_grass,1.0,0.0,30.0,15.0,,,,,,134.49,1,28.790000000000006,27.23746452223274,2.0,-1.0,2.0
1135,133,447,USA,Ohio,Temperate,,,10.0,973.0,40.4173,-82.9071,,LUC,6.0,Switchgrass,grass,perennial_grass,1.0,0.0,30.0,15.0,,,,,,58.59,1,-6.299999999999997,-9.708737864077666,2.0,1.0,4.0
1136,133,448,USA,Ohio,Temperate,,,10.0,973.0,40.4173,-82.9071,,LUC,6.0,Switchgrass,grass,perennial_grass,1.0,0.0,30.0,15.0,,,,,,56.74,1,-8.149999999999999,-12.559716443211585,2.0,1.0,4.0
1137,133,449,USA,Ohio,Temperate,,,10.0,973.0,40.4173,-82.9071,,LUC,6.0,Switchgrass,grass,perennial_grass,1.0,0.0,30.0,15.0,,,,,,62.55,1,-2.3400000000000034,-3.6061026352288543,2.0,1.0,4.0
1138,133,450,USA,Ohio,Temperate,,,10.0,973.0,40.4173,-82.9071,,LUC,6.0,Switchgrass,grass,perennial_grass,1.0,0.0,30.0,15.0,,,,,,61.43,1,-3.460000000000001,-5.332100477731546,2.0,1.0,4.0
1139,133,451,USA,Ohio,Temperate,,,10.0,973.0,40.4173,-82.9071,,LUC,6.0,Switchgrass,grass,perennial_grass,1.0,0.0,30.0,15.0,,,,,,65.71,1,-12.370000000000005,-15.842725409836072,2.0,-1.0,2.0
1140,133,452,USA,Ohio,Temperate,,,10.0,973.0,40.4173,-82.9071,,LUC,6.0,Switchgrass,grass,perennial_grass,1.0,0.0,30.0,15.0,,,,,,60.98,1,-17.1,-21.900614754098363,2.0,-1.0,2.0
1141,133,453,USA,Ohio,Temperate,,,10.0,973.0,40.4173,-82.9071,,LUC,6.0,Switchgrass,grass,perennial_grass,1.0,0.0,30.0,15.0,,,,,,69.08,1,-9.0,-11.526639344262295,2.0,-1.0,2.0
1142,133,454,USA,Ohio,Temperate,,,10.0,973.0,40.4173,-82.9071,,LUC,6.0,Switchgrass,grass,perennial_grass,1.0,0.0,30.0,15.0,,,,,,79.83,1,1.75,2.2412909836065573,2.0,-1.0,2.0
1143,134,455,Canada,Canada,Boreal,,,-1.0,503.0,56.1304,-106.3468,,LUC,5.0,Switchgrass,grass,perennial_grass,1.0,0.0,30.0,15.0,,,,,,51.0,1,0.0,0.0,2.0,1.0,4.0
1144,134,456,Canada,Canada,Boreal,,,-1.0,503.0,56.1304,-106.3468,,LUC,5.0,Switchgrass,grass,perennial_grass,1.0,0.0,30.0,15.0,,,,,,60.0,1,6.0,11.11111111111111,2.0,1.0,4.0
1147,135,457,USA,Indiana,Temperate,,,10.0,995.0,40.2672,-86.1349,,LUC,6.0,Switchgrass,grass,perennial_grass,1.0,0.0,30.0,15.0,,,,,,74.49,1,11.939999999999998,19.08872901678657,2.0,1.0,4.0
1148,135,458,USA,Indiana,Temperate,,,10.0,995.0,40.2672,-86.1349,,LUC,6.0,Switchgrass,grass,perennial_grass,1.0,0.0,30.0,15.0,,,,,,115.17,1,8.400000000000006,7.867378477100314,2.0,1.0,4.0
1149,135,459,USA,Indiana,Temperate,,,10.0,995.0,40.2672,-86.1349,,LUC,8.0,Switchgrass,grass,perennial_grass,1.0,0.0,30.0,15.0,,,,,,127.29,1,14.990000000000009,13.348174532502236,2.0,1.0,4.0
1150,135,460,USA,Indiana,Temperate,,,10.0,995.0,40.2672,-86.1349,,LUC,6.0,Switchgrass,grass,perennial_grass,1.0,0.0,30.0,15.0,,,,,,64.86,1,14.509999999999998,28.818272095332663,2.0,1.0,4.0
1151,135,461,USA,Indiana,Temperate,,,10.0,995.0,40.2672,-86.1349,,LUC,6.0,Switchgrass,grass,perennial_grass,1.0,0.0,30.0,15.0,,,,,,47.27,1,18.1,62.05005142269455,2.0,1.0,4.0
1152,135,462,USA,Indiana,Temperate,,,10.0,995.0,40.2672,-86.1349,,LUC,5.0,Switchgrass,grass,perennial_grass,1.0,0.0,30.0,15.0,,,,,,125.73,1,-9.679999999999993,-7.14865962632006,2.0,1.0,4.0
1153,135,463,USA,Indiana,Temperate,,,10.0,995.0,40.2672,-86.1349,,LUC,8.0,Switchgrass,grass,perennial_grass,1.0,0.0,30.0,15.0,,,,,,43.75,1,-25.760000000000005,-37.05941591137966,2.0,1.0,4.0
1161,136,464,USA,Pennsylvania,Temperate,,,10.0,1009.0,41.2033,-77.194,,LUC,7.0,Switchgrass,grass,perennial_grass,1.0,0.0,30.0,15.0,,,,,,52.72,1,0.0,0.0,2.0,1.0,4.0
1162,136,465,USA,Pennsylvania,Temperate,,,10.0,1009.0,41.2033,-77.194,,LUC,5.0,Switchgrass,grass,perennial_grass,1.0,0.0,30.0,15.0,,,,,,49.21,1,-3.1199999999999974,-5.962163195107964,2.0,1.0,4.0
1163,137,466,USA,Tennessee,Temperate,,,15.0,1397.0,35.5175,-86.5804,,LUC,3.0,Switchgrass,grass,perennial_grass,1.0,0.0,30.0,15.0,,,,,,9.81,1,0.9199999999999999,10.348706411698535,2.0,1.0,4.0
1164,137,467,USA,Tennessee,Temperate,,,15.0,1397.0,35.5175,-86.5804,,LUC,3.0,Switchgrass,grass,perennial_grass,1.0,0.0,30.0,15.0,,,,,,7.65,1,0.3200000000000003,4.365620736698503,2.0,1.0,4.0
1165,137,468,USA,Tennessee,Temperate,,,15.0,1397.0,35.5175,-86.5804,,LUC,3.0,Switchgrass,grass,perennial_grass,1.0,0.0,30.0,15.0,,,,,,7.87,1,1.83,30.29801324503311,2.0,1.0,4.0
1166,137,469,USA,Tennessee,Temperate,,,15.0,1397.0,35.5175,-86.5804,,LUC,3.0,Switchgrass,grass,perennial_grass,1.0,0.0,30.0,15.0,,,,,,9.89,1,-0.08000000000000007,-0.8024072216649957,2.0,-1.0,2.0
1167,137,470,USA,Tennessee,Temperate,,,15.0,1397.0,35.5175,-86.5804,,LUC,3.0,Switchgrass,grass,perennial_grass,1.0,0.0,30.0,15.0,,,,,,8.84,1,1.12,14.50777202072539,2.0,1.0,4.0
1168,137,471,USA,Tennessee,Temperate,,,15.0,1397.0,35.5175,-86.5804,,LUC,3.0,Switchgrass,grass,perennial_grass,1.0,0.0,30.0,15.0,,,,,,7.35,1,-0.8200000000000003,-10.036719706242353,2.0,1.0,4.0
1174,138,472,USA,Nebraska,Temperate,,,9.0,570.0,41.4925,-99.9018,,LUC,9.0,Switchgrass,grass,perennial_grass,1.0,0.0,30.0,15.0,,,,,,15.01,1,2.5,19.984012789768187,2.0,1.0,4.0
1175,138,473,USA,Nebraska,Temperate,,,9.0,570.0,41.4925,-99.9018,,LUC,9.0,Switchgrass,grass,perennial_grass,1.0,0.0,30.0,15.0,,,,,,19.61,1,7.1,56.754596322941644,2.0,1.0,4.0
1176,138,474,USA,Nebraska,Temperate,,,9.0,570.0,41.4925,-99.9018,,LUC,9.0,Switchgrass,grass,perennial_grass,1.0,0.0,30.0,15.0,,,,,,17.81,1,5.299999999999999,42.36610711430854,2.0,1.0,4.0
1177,139,475,USA,Alabama,Temperate,,,18.0,1356.0,32.3182,-86.9023,,LUC,2.0,Switchgrass,grass,perennial_grass,1.0,0.0,30.0,15.0,,,,,,28.44,1,10.810000000000002,61.31593874078277,2.0,1.0,4.0
1178,140,476,Canada,Quebec,Temperate,,,5.0,1259.0,46.8139,-71.208,,LUC,3.0,Switchgrass,grass,perennial_grass,1.0,0.0,30.0,15.0,,,,,,67.09,1,-10.72999999999999,-13.7882292469802,2.0,1.0,4.0
1179,140,477,Canada,Quebec,Temperate,,,5.0,1259.0,46.8139,-71.208,,LUC,3.0,Switchgrass,grass,perennial_grass,1.0,0.0,30.0,15.0,,,,,,83.19,1,8.049999999999997,10.713335107798772,2.0,1.0,4.0
1182,141,478,USA,Washington_Kanlow,Temperate,,,10.0,1052.0,48.769768,-122.485886,,LUC,2.0,Switchgrass,grass,perennial_grass,1.0,0.0,30.0,15.0,,,,,,10.71,1,1.540000000000001,16.793893129771003,2.0,1.0,4.0
1183,141,479,USA,Washington_Shawnee,Temperate,,,16.0,1087.0,35.0,-96.0,,LUC,2.0,Switchgrass,grass,perennial_grass,1.0,0.0,30.0,15.0,,,,,,10.93,1,1.7599999999999998,19.193020719738275,2.0,1.0,4.0
1184,141,480,USA,Washington_CaveinRock,Temperate,,,14.0,1191.0,37.5,-88.0,,LUC,2.0,Switchgrass,grass,perennial_grass,1.0,0.0,30.0,15.0,,,,,,10.73,1,1.5600000000000005,17.01199563794984,2.0,1.0,4.0
1188,142,481,USA,Iowa,Temperate,,,9.0,864.0,41.878,-93.0977,,LUC,10.0,Switchgrass,grass,perennial_grass,1.0,0.0,30.0,15.0,,,,,,67.0,1,23.299999999999997,53.31807780320366,2.0,1.0,4.0
1189,142,482,USA,Iowa,Temperate,,,9.0,864.0,41.878,-93.0977,,LUC,10.0,Switchgrass,grass,perennial_grass,1.0,0.0,30.0,15.0,,,,,,67.0,1,-13.299999999999997,-16.56288916562889,2.0,-1.0,2.0
1190,143,483,UK,Wales,Temperate,,,8.0,1830.0,52.1307,-3.7837,,LUC,6.0,Miscanthus,grass,perennial_grass,1.0,0.0,30.0,15.0,,,,,,70.8,1,-8.0,-10.152284263959391,2.0,-1.0,2.0
1191,144,484,USA,Illinois,Temperate,,,10.0,968.0,40.6331,-89.3985,,LUC,4.0,Miscanthus,grass,perennial_grass,1.0,0.0,30.0,15.0,1.3,,,,,53.44,1,3.3200000000000003,6.624102154828412,2.0,-1.0,2.0
1192,144,485,USA,Kentucky,Temperate,,,13.0,1165.0,37.8393,-84.27,,LUC,4.0,Miscanthus,grass,perennial_grass,1.0,0.0,30.0,15.0,1.3,,,,,70.55,1,-0.13000000000000966,-0.18392756083759149,2.0,-1.0,2.0
1193,144,486,USA,Nebraska,Temperate,,,9.0,570.0,41.4925,-99.9018,,LUC,4.0,Miscanthus,grass,perennial_grass,1.0,0.0,30.0,15.0,1.3,,,,,83.03,1,0.3100000000000023,0.37475822050290414,2.0,-1.0,2.0
1194,144,487,USA,New_Jersey,Temperate,,,12.0,1151.0,40.0583,-74.4057,,LUC,4.0,Miscanthus,grass,perennial_grass,1.0,0.0,30.0,15.0,1.3,,,,,61.78,1,7.030000000000001,12.840182648401829,2.0,-1.0,2.0
1195,145,488,Italy,Bologna,Mediterranean,,,14.0,730.0,44.4949,11.3426,,LUC,7.0,Miscanthus,grass,perennial_grass,1.0,0.0,30.0,15.0,,,,,,43.99,1,10.660000000000004,31.983198319831995,2.0,-1.0,2.0
1196,145,489,Italy,Bologna,Mediterranean,,,14.0,730.0,44.4949,11.3426,,LUC,7.0,Miscanthus,grass,perennial_grass,1.0,0.0,40.0,20.0,,,,,,93.84,1,11.530000000000001,14.00801846677196,2.0,-1.0,2.0
1322,149,591,italy,Viterbo,Mediterranean,,Chromic_Luvisol,13.76,766.0,44.366,12.016,2013.0,LUC,2.0,Poplar,woody,SRC,6.0,0.0,15.0,7.5,1.12,,,,6.66,11.69,1,-4.340000000000002,-27.07423580786027,3.0,2.0,5.0
1323,149,592,italy,Viterbo,Mediterranean,,Chromic_Luvisol,13.76,766.0,44.366,12.016,2013.0,LUC,2.0,Poplar,woody,SRC,6.0,0.0,15.0,7.5,1.02,,,,6.69,14.03,1,-2.0000000000000018,-12.476606363069255,3.0,2.0,5.0
1324,150,593,Brazil,Paraipaba,Tropical,,Quartzipsamment,26.7,998.0,-3.4384,-39.1482,,LUC,2.0,Banana,palm,perennial_palm,3.0,10.0,30.0,20.0,,,,,7.55,9.05,1,-4.5,-33.210332103321036,2.0,-3.0,1.0
1325,150,594,Brazil,Paraipaba,Tropical,,Quartzipsamment,26.7,998.0,-3.4384,-39.1482,,LUC,6.0,Cashew,woody,perennial_woody,3.0,10.0,30.0,20.0,,,,,6.25,8.8,1,-4.75,-35.055350553505534,2.0,-3.0,1.0
1326,150,595,Brazil,Paraipaba,Tropical,,Quartzipsamment,26.7,998.0,-3.4384,-39.1482,,LUC,6.0,Guava,woody,perennial_woody,3.0,10.0,30.0,20.0,,,,,5.699999999999999,10.3,1,-3.25,-23.985239852398525,2.0,-3.0,1.0
1327,150,596,Brazil,Paraipaba,Tropical,,Quartzipsamment,26.7,998.0,-3.4384,-39.1482,,LUC,6.0,Annona,woody,perennial_woody,3.0,10.0,30.0,20.0,,,,,6.75,11.15,1,-2.4000000000000004,-17.71217712177122,2.0,-3.0,1.0
1328,150,597,Brazil,Paraipaba,Tropical,,Quartzipsamment,26.7,998.0,-3.4384,-39.1482,,LUC,6.0,Mango,woody,perennial_woody,3.0,10.0,30.0,20.0,,,,,5.55,8.65,1,-4.9,-36.162361623616235,2.0,-3.0,1.0
1329,150,598,Brazil,Paraipaba,Tropical,,Quartzipsamment,26.7,998.0,-3.4384,-39.1482,,LUC,6.0,Manilkara,woody,perennial_woody,3.0,10.0,30.0,20.0,,,,,5.949999999999999,9.8,1,-3.75,-27.675276752767523,2.0,-3.0,1.0
1336,151,599,Brazil,Unai,Tropical,Clay_sediments,Haplustox,22.5,1440.0,-16.3597,-46.9028,2003.0,LUC,14.0,Eucalyptus,woody,SRC,3.0,10.0,30.0,10.0,,,,,,31.6,1,2.700000000000003,9.342560553633227,3.0,-2.0,1.0
1338,151,600,Brazil,J_Pinheiro,Tropical,Loamy_sediments,Haplustox,22.5,1440.0,-17.7405,-46.1742,2003.0,LUC,14.0,Eucalyptus,woody,SRC,3.0,10.0,30.0,20.0,,,,,4.6,27.7,1,4.449999999999999,19.139784946236556,3.0,-2.0,1.0
1339,151,601,Brazil,J_Pinheiro,Tropical,Sandy_sediments,Haplustox,22.5,1440.0,-17.7405,-46.1742,2003.0,LUC,14.0,Eucalyptus,woody,SRC,3.0,10.0,30.0,20.0,,,,,4.4,21.8,1,3.8500000000000014,21.448467966573826,3.0,-2.0,1.0
1342,152,602,Brazil,S._Sebastiao_Paraiso,Tropical,Basalt,Rhodic_Acrudox,20.8,1470.0,-20.9172,-46.9841,2009.0,LUC,14.0,Coffee,woody,perennial_woody,1.0,0.0,30.0,15.0,,,,,6.7,37.8,1,0.3999999999999986,1.0695187165775364,2.0,-3.0,1.0
1343,152,603,Brazil,S._Sebastiao_Paraiso,Tropical,Basalt,Rhodic_Acrudox,20.8,1470.0,-20.9172,-46.9841,2009.0,LUC,14.0,Coffee,woody,perennial_woody,1.0,0.0,30.0,15.0,,,,,5.2,24.5,1,-12.899999999999999,-34.49197860962567,2.0,-3.0,1.0
1344,152,604,Brazil,S._Sebastiao_Paraiso,Tropical,Basalt,Rhodic_Acrudox,20.8,1470.0,-20.9172,-46.9841,2009.0,LUC,14.0,Coffee,woody,perennial_woody,1.0,0.0,30.0,15.0,,,,,6.6,29.1,1,-8.299999999999997,-22.192513368983953,2.0,-3.0,1.0
1345,153,605,Brazil,S._Sebastiao_Paraiso,Tropical,Basalt,Rhodic_Acrudox,20.8,1470.0,-20.9172,-46.9841,2010.0,LUC,10.0,Coffee,woody,perennial_woody,3.0,10.0,30.0,20.0,,,,,5.9,53.3,1,-7.450000000000003,-12.263374485596712,2.0,-3.0,1.0
1346,153,606,Brazil,S._Sebastiao_Paraiso,Tropical,Basalt,Rhodic_Acrudox,20.8,1470.0,-20.9172,-46.9841,2010.0,LUC,10.0,Coffee,woody,perennial_woody,3.0,10.0,30.0,20.0,,,,,5.199999999999999,53.900000000000006,1,-6.849999999999994,-11.275720164609044,2.0,-3.0,1.0
1349,154,607,Brazil,Campo_Belo,Tropical,Gneiss,Hapludult,22.3,1250.0,-20.8938,-45.2721,2011.0,LUC,12.0,Coffee,woody,perennial_woody,1.0,10.0,30.0,20.0,,48.35,7.5,44.0,6.5,41.15,1,-2.8999999999999986,-6.58342792281498,2.0,-3.0,1.0
1350,154,608,Brazil,Campo_Belo,Tropical,Gneiss,Hapludult,22.3,1250.0,-20.8938,-45.2721,2011.0,LUC,7.0,Cedar,woody,perennial_woody,1.0,10.0,30.0,20.0,,38.35,8.5,53.15,6.65,38.55,1,-5.5,-12.485811577752555,2.0,-3.0,1.0
1351,154,609,Brazil,Campo_Belo,Tropical,Gneiss,Hapludult,22.3,1250.0,-20.8938,-45.2721,2011.0,LUC,25.0,Coffee,woody,perennial_woody,1.0,10.0,30.0,20.0,,46.5,9.5,44.0,5.35,33.05,1,-20.050000000000004,-37.758945386064035,2.0,-3.0,1.0
1352,154,610,Brazil,Campo_Belo,Tropical,Gneiss,Hapludult,22.3,1250.0,-20.8938,-45.2721,2011.0,LUC,7.0,Cedar,woody,SRC,1.0,10.0,30.0,20.0,,47.5,9.0,43.5,5.95,39.85,1,-13.25,-24.95291902071563,3.0,-2.0,1.0
1357,155,611,Brazil,Monte_Verde,Tropical,Gneiss,Udult,16.3,1.642,-15.3239,-54.8731,2010.0,LUC,7.0,Pinus,woody,SRC,1.0,10.0,30.0,20.0,,46.0,11.0,43.0,5.199999999999999,76.75,1,10.0,14.981273408239701,3.0,-2.0,1.0
1358,155,612,Brazil,Monte_Verde,Tropical,Gneiss,Udult,16.3,1.642,-15.3239,-54.8731,2010.0,LUC,30.0,Araucaria,woody,SRC,1.0,10.0,30.0,20.0,,42.5,12.0,45.5,4.949999999999999,101.2,1,34.45,51.610486891385776,3.0,-2.0,1.0
1359,155,613,Brazil,Monte_Verde,Tropical,Gneiss,Udult,16.3,1.642,-15.3239,-54.8731,2010.0,LUC,6.0,Eucalyptus,woody,SRC,1.0,10.0,30.0,20.0,,39.5,14.0,46.5,5.15,67.05,1,0.29999999999999716,0.4494382022471867,3.0,-1.0,2.0
1363,156,614,Brazil,Presidente_Olegario,Tropical,,,22.0,1500.0,-18.4101,-46.4169,2005.0,LUC,8.0,Coffee,woody,perennial_woody,18.0,0.0,20.0,10.0,0.765,,,,,66.08,1,4.640000000000001,7.552083333333334,2.0,-1.0,2.0
1366,156,615,Brazil,Presidente_Olegario,Tropical,,,22.0,1500.0,-18.4101,-46.4169,2005.0,LUC,21.0,Coffee,woody,perennial_woody,18.0,0.0,20.0,10.0,0.815,,,,,63.615,1,2.1750000000000043,3.540039062500007,2.0,-1.0,2.0
1369,156,616,Brazil,Presidente_Olegario,Tropical,,,22.0,1500.0,-18.4101,-46.4169,2005.0,LUC,17.0,Coffee,woody,perennial_woody,18.0,0.0,20.0,10.0,0.8200000000000001,,,,,71.325,1,9.885000000000005,16.088867187500007,2.0,-1.0,2.0
1372,156,617,Brazil,Presidente_Olegario,Tropical,,,22.0,1500.0,-18.4101,-46.4169,2005.0,LUC,35.0,Coffee,woody,perennial_woody,18.0,0.0,20.0,10.0,0.79,,,,,66.75,1,5.310000000000002,8.642578125000004,2.0,-1.0,2.0
1378,156,619,Brazil,Manhumirim,Tropical,,,22.0,1500.0,-20.3597,-41.9589,2005.0,LUC,6.0,Coffee,woody,perennial_woody,18.0,0.0,20.0,10.0,0.885,,,,,67.37,1,4.425000000000004,7.029946778933997,2.0,-1.0,2.0
1381,156,620,Brazil,Manhumirim,Tropical,,,22.0,1500.0,-20.3597,-41.9589,2005.0,LUC,35.0,Coffee,woody,perennial_woody,18.0,0.0,20.0,10.0,0.725,,,,,69.415,1,6.470000000000006,10.278814838350952,2.0,-1.0,2.0
1384,156,621,Brazil,Manhumirim,Tropical,,,22.0,1500.0,-20.3597,-41.9589,2005.0,LUC,40.0,Coffee,woody,perennial_woody,18.0,0.0,20.0,10.0,0.865,,,,,56.56,1,-6.384999999999998,-10.143776312653902,2.0,-1.0,2.0
1387,156,622,Brazil,Manhumirim,Tropical,,,22.0,1500.0,-20.3597,-41.9589,2005.0,LUC,40.0,Coffee,woody,perennial_woody,18.0,0.0,20.0,10.0,0.96,,,,,33.595,1,-29.35,-46.628008578918106,2.0,-1.0,2.0
1393,156,624,Brazil,Sao_Tomas_de_Aquino,Tropical,,,22.0,1500.0,-20.7987,-47.0972,2005.0,LUC,10.0,Coffee,woody,perennial_woody,18.0,0.0,20.0,10.0,0.87,,,,,41.7,1,-8.015,-16.121894800362064,2.0,-1.0,2.0
1396,156,625,Brazil,Sao_Tomas_de_Aquino,Tropical,,,22.0,1500.0,-20.7987,-47.0972,2005.0,LUC,25.0,Coffee,woody,perennial_woody,18.0,0.0,20.0,10.0,0.88,,,,,41.66,1,-8.055000000000007,-16.202353414462447,2.0,-1.0,2.0
1399,156,626,Brazil,Sao_Tomas_de_Aquino,Tropical,,,22.0,1500.0,-20.7987,-47.0972,2005.0,LUC,59.0,Coffee,woody,perennial_woody,18.0,0.0,20.0,10.0,0.95,,,,,44.69500000000001,1,-5.019999999999996,-10.097556069596694,2.0,-1.0,2.0
1402,156,627,Brazil,Sao_Tomas_de_Aquino,Tropical,,,22.0,1500.0,-20.7987,-47.0972,2005.0,LUC,37.0,Coffee,woody,perennial_woody,18.0,0.0,20.0,10.0,1.0750000000000002,,,,,45.74,1,-3.9750000000000014,-7.9955747762244815,2.0,-1.0,2.0
1516,158,665,USA,North_dakota,Temperate,,,5.0,438.0,47.551,-101.0,,LUC,18.0,Poplar,woody,SRC,5.0,0.0,30.0,15.0,,,,,,89.0,1,-2.0,-2.197802197802198,3.0,0.0,3.0
1517,159,666,PuertoRico,Toa_Baja,Tropical,Calcareous_marine_origin,,25.6,160.0,18.4,-66.2,,LUC,4.0,Eucalyptus,woody,SRC,9.0,0.0,40.0,20.0,1.1,,,,7.9,50.19,1,-14.680000000000007,-22.629875134885165,3.0,2.0,5.0
1518,159,667,PuertoRico,Toa_Baja,Tropical,Calcareous_marine_origin,,25.6,160.0,18.4,-66.2,,LUC,4.0,Casuarina,woody,SRC,9.0,0.0,30.0,15.0,1.1,,,,7.9,45.89,1,-18.980000000000004,-29.258517034068138,3.0,2.0,5.0
1519,159,668,PuertoRico,Toa_Baja,Tropical,Calcareous_marine_origin,,25.6,160.0,18.4,-66.2,,LUC,4.0,Eucalyptus,woody,SRC,9.0,0.0,30.0,15.0,1.1,,,,7.9,50.03,1,-14.840000000000003,-22.876522275319875,3.0,2.0,5.0
1520,160,669,Canada,Ontario,Temperate,,Albic_Luvisols,7.2,830.0,43.541,-80.208,,LUC,13.0,Poplar,woody,SRC,24.0,0.0,20.0,10.0,,,,,,108.96,1,18.739999999999995,20.771447572600305,3.0,2.0,5.0
1521,161,670,Canada,Ontario,Temperate,,Albic_Luvisols,7.2,830.0,43.541,-80.208,,LUC,13.0,Spruce,woody,SRC,24.0,0.0,30.0,15.0,,,,,,91.61,1,1.3900000000000006,1.5406783418310803,3.0,2.0,5.0
1522,162,671,Tanzania,Mkundi,Arid,Kaolinitic,Entisol,24.0,800.0,-6.666,37.65,,LUC,5.0,Acacia,woody,SRC,3.0,0.0,15.0,7.5,1.35,,,,6.7,15.7,1,-1.2800000000000011,-7.538280329799771,3.0,2.0,5.0
1523,163,672,Tanzania,Mkundi,Arid,Kaolinitic,Entisol,24.0,800.0,-6.666,37.65,,LUC,5.0,Acacia,woody,SRC,3.0,0.0,15.0,7.5,1.35,,,,6.7,24.41,1,7.43,43.75736160188456,3.0,2.0,5.0
1524,164,673,Tanzania,Mkundi,Arid,Kaolinitic,Entisol,24.0,800.0,-6.666,37.65,,LUC,5.0,Acacia,woody,SRC,3.0,0.0,15.0,7.5,1.35,,,,6.7,20.6,1,3.620000000000001,21.319199057714965,3.0,2.0,5.0
1525,165,674,Tanzania,Mkundi,Arid,Kaolinitic,Entisol,24.0,800.0,-6.666,37.65,,LUC,5.0,Acacia,woody,SRC,3.0,0.0,15.0,7.5,1.35,,,,6.7,17.93,1,0.9499999999999993,5.594817432273258,3.0,2.0,5.0
1526,166,675,Tanzania,Mkundi,Arid,Kaolinitic,Entisol,24.0,800.0,-6.666,37.65,,LUC,5.0,Acacia,woody,SRC,3.0,0.0,15.0,7.5,1.35,,,,6.7,21.65,1,4.669999999999998,27.502944640753817,3.0,2.0,5.0
1527,167,676,Tanzania,Mkundi,Arid,Kaolinitic,Entisol,24.0,800.0,-6.666,37.65,,LUC,5.0,Acacia,woody,SRC,3.0,0.0,15.0,7.5,1.35,,,,6.7,15.7,1,3.299999999999999,26.612903225806445,3.0,2.0,5.0
1528,168,677,Tanzania,Mkundi,Arid,Kaolinitic,Entisol,24.0,800.0,-6.666,37.65,,LUC,5.0,Acacia,woody,SRC,3.0,0.0,15.0,7.5,1.35,,,,6.7,24.41,1,12.01,96.85483870967741,3.0,2.0,5.0
1529,169,678,Tanzania,Mkundi,Arid,Kaolinitic,Entisol,24.0,800.0,-6.666,37.65,,LUC,5.0,Acacia,woody,SRC,3.0,0.0,15.0,7.5,1.35,,,,6.7,20.6,1,8.200000000000001,66.12903225806453,3.0,2.0,5.0
1530,170,679,Tanzania,Mkundi,Arid,Kaolinitic,Entisol,24.0,800.0,-6.666,37.65,,LUC,5.0,Acacia,woody,SRC,3.0,0.0,15.0,7.5,1.35,,,,6.7,17.93,1,5.529999999999999,44.596774193548384,3.0,2.0,5.0
1531,171,680,Tanzania,Mkundi,Arid,Kaolinitic,Entisol,24.0,800.0,-6.666,37.65,,LUC,5.0,Acacia,woody,SRC,3.0,0.0,15.0,7.5,1.35,,,,6.7,21.65,1,9.249999999999998,74.59677419354837,3.0,2.0,5.0
1532,172,681,Costa_rica,Talamanca,Tropical,,Entisol,25.8,2370.0,9.416,-83.0,,LUC,30.0,Cocoa,woody,perennial_woody,3.0,0.0,10.0,5.0,,,,,,30.25,1,7.34,32.038411174159755,2.0,-1.0,2.0
1533,173,682,Costa_rica,Talamanca,Tropical,,Entisol,25.8,2370.0,9.416,-83.0,,LUC,30.0,Cocoa,woody,perennial_woody,3.0,0.0,10.0,5.0,,,,,,31.19,1,8.280000000000001,36.14142295940638,2.0,-1.0,2.0
1534,174,683,Costa_rica,Talamanca,Tropical,,Entisol,25.8,2370.0,9.416,-83.0,,LUC,34.0,Cocoa,woody,perennial_woody,3.0,0.0,10.0,5.0,,,,,,77.5,1,54.59,238.28022697512003,2.0,-1.0,2.0
1535,175,684,Ethiopia,Rift_Valley,Arid,Tertiary_volcanic,,16.0,768.0,12.5,39.5,,LUC,31.0,Woodlot,woody,SRC,3.0,0.0,10.0,5.0,,,,,,6.76,1,0.47999999999999954,7.643312101910821,3.0,2.0,5.0
1541,177,690,Australia,Dryandra,Mediterranean,,Natrixeralfs,16.0,509.0,-32.761,116.98,2002.0,LUC,26.0,Eucalyptus,woody,SRC,5.0,0.0,30.0,15.0,1.67,,,,4.93,52.0,1,6.5,14.285714285714285,3.0,2.0,5.0
1542,177,691,Australia,Dryandra,Mediterranean,,Natrixeralfs,16.0,509.0,-32.761,116.98,2002.0,LUC,26.0,Eucalyptus,woody,SRC,5.0,0.0,30.0,15.0,1.67,,,,4.93,56.0,1,10.5,23.076923076923077,3.0,2.0,5.0
1543,177,692,Australia,Dryandra,Mediterranean,,Natrixeralfs,16.0,509.0,-32.761,116.98,2002.0,LUC,26.0,Eucalyptus,woody,SRC,5.0,0.0,30.0,15.0,1.67,,,,4.93,45.0,1,-0.5,-1.098901098901099,3.0,2.0,5.0
1544,177,693,Australia,Dryandra,Mediterranean,,Natrixeralfs,16.0,509.0,-32.761,116.98,2002.0,LUC,26.0,Eucalyptus,woody,SRC,5.0,0.0,30.0,15.0,1.67,,,,4.93,46.0,1,0.5,1.098901098901099,3.0,2.0,5.0
1545,177,694,Australia,Popanyinning,Mediterranean,,Natrixeralfs,16.0,442.0,-32.6455,117.25,2002.0,LUC,26.0,Eucalyptus,woody,SRC,5.0,0.0,30.0,15.0,1.98,,,,4.88,39.0,1,-3.0,-7.142857142857142,3.0,2.0,5.0
1546,177,695,Australia,Popanyinning,Mediterranean,,Natrixeralfs,16.0,442.0,-32.6455,117.25,2002.0,LUC,26.0,Eucalyptus,woody,SRC,5.0,0.0,30.0,15.0,1.98,,,,4.88,40.0,1,-2.0,-4.761904761904762,3.0,2.0,5.0
1547,177,696,Australia,Popanyinning,Mediterranean,,Natrixeralfs,16.0,442.0,-32.6455,117.25,2002.0,LUC,26.0,Eucalyptus,woody,SRC,5.0,0.0,30.0,15.0,1.98,,,,4.88,37.5,1,-4.5,-10.714285714285714,3.0,2.0,5.0
1548,177,697,Australia,Popanyinning,Mediterranean,,Natrixeralfs,16.0,442.0,-32.6455,117.25,2002.0,LUC,26.0,Eucalyptus,woody,SRC,5.0,0.0,30.0,15.0,1.98,,,,4.88,44.0,1,2.0,4.761904761904762,3.0,2.0,5.0
1550,178,699,Australia,Monarto,Temperate,,,16.0,368.0,-35.717,139.848,,LUC,4.0,Atriplex,woody,perennial_woody,6.0,0.0,30.0,15.0,,,,,,45.39,1,1.9500000000000028,4.4889502762431,2.0,-1.0,2.0
1552,178,700,Australia,Waikerie,Temperate,,,17.0,248.0,-32.433,117.394,,LUC,4.0,Atriplex,woody,perennial_woody,6.0,0.0,30.0,15.0,,,,,,14.65,1,-0.7400000000000002,-4.8083170890188445,2.0,-1.0,2.0
1554,178,701,Australia,Wickepin,Temperate,,,17.0,2000.0,-32.433,117.394,,LUC,13.0,Atriplex,woody,perennial_woody,24.0,0.0,30.0,15.0,,,,,,27.67,1,-0.23999999999999844,-0.8599068434252901,2.0,-1.0,2.0
1556,179,702,India,Karnal,Tropical,,Typic_Natrustalf,24.0,735.0,29.716,76.97,,LUC,34.0,Mango,woody,perennial_woody,3.0,10.0,30.0,20.0,1.59,17.845,24.105,,7.26,15.35,1,-0.40000000000000036,-2.539682539682542,2.0,1.0,4.0
1563,179,703,India,Karnal,Tropical,,Typic_Natrustalf,24.0,735.0,29.716,76.97,,LUC,31.0,Guava,woody,perennial_woody,3.0,10.0,30.0,20.0,1.515,16.275,24.945,,7.465,23.35,1,7.600000000000001,48.25396825396827,2.0,1.0,4.0
1570,179,704,India,Karnal,Tropical,,Typic_Natrustalf,24.0,735.0,29.716,76.97,,LUC,12.0,Litchi,woody,perennial_woody,3.0,10.0,30.0,20.0,1.64,20.51,26.105,,6.77,18.05,1,2.3000000000000007,14.603174603174606,2.0,1.0,4.0
1577,179,705,India,Karnal,Tropical,,Typic_Natrustalf,24.0,735.0,29.716,76.97,,LUC,23.0,Cloves,woody,perennial_woody,3.0,10.0,30.0,20.0,1.585,14.76,21.845,,7.359999999999999,18.0,1,2.25,14.285714285714285,2.0,1.0,4.0
1584,179,706,India,Karnal,Tropical,,Typic_Natrustalf,24.0,735.0,29.716,76.97,,LUC,11.0,Eucalyptus,woody,SRC,3.0,10.0,30.0,20.0,1.47,15.275,25.87,,7.585000000000001,26.85,1,11.100000000000001,70.47619047619048,3.0,2.0,5.0
1591,179,707,India,Karnal,Tropical,,Typic_Natrustalf,24.0,735.0,29.716,76.97,,LUC,13.0,Prosopis,woody,SRC,3.0,10.0,30.0,20.0,1.565,20.635,22.705,,7.564999999999999,14.55,1,-1.1999999999999993,-7.619047619047614,3.0,2.0,5.0
